Workbook

Sheet Capacidade UAS-CUAS
A1: GRUPO DE INTERVENÇÃO DE ORDEM PÚBLICA — EFETIVO DA CAPACIDADE UAS / C-UAS
A2: Unidade de Intervenção / GNR · Documento de trabalho · Formação: ☑ possui / ☐ não possui
A3: Área funcional | B3: Subunidade | C3: Pelotão | D3: Posto | E3: NM | F3: Nome completo | G3: Apelido | H3: Contacto (TLM) | I3: CPRANT (Curso UAS) | J3: Curso C-UAS | K3: A1 | L3: A2 | M3: A3 | N3: N.º Certificado | O3: Validade | P3: Observações
A4: Coordenação | B4: Comando / SOI | C4: — | D4: Tenente | E4: 2140038 | F4: Luis Manuel Maceiro Cantante | G4: Cantante | H4: 935365179 | I4: ☐ | J4: ☑ | K4: ☑ | L4: ☐ | M4: ☑ | N4: LUX-RP-19960511top3 | O4: 46834
A5: Cmd / Sec | B5: Secretaria GIOP | C5: — | D5: Cabo | E5: 2020825 | F5: António João Carlos e Granja | G5: Granja | H5: 914286977 | I5: ☑ | J5: ☑ | K5: ☑ | L5: ☐ | M5: ☑ | N5: LUX-RP-19791213bqbv | O5: 47682
A6: Cmd / SOI | B6: SOI | C6: — | D6: Sarg. Ch | E6: 1970024 | F6: Manuel António Gonçalves Cordeiro | G6: Cordeiro | H6: 910086194 | I6: ☑ | J6: ☑ | K6: ☑ | L6: ☐ | M6: ☑ | N6: LUX-RP-19730205mwoj | O6: 46756 | P6: Deu-se como Voluntário 9 / 10 / 11
A7: Cmd / SOI | B7: SOI | C7: — | D7: 1º Sarg. | E7: 2031108 | F7: Hélder Simão Nunes | G7: Nunes | H7: 932780210 | I7: ☐ | J7: ☐ | K7: ☑ | L7: ☐ | M7: ☑ | N7: LUX-rp-19790416xwjw | O7: 25/08/2031
A8: Cmd / SOI | B8: SOI | C8: — | D8: Cabo Ch | E8: 2030883 | F8: Paulo Sérgio Pessanha Saraiva Loureiro | G8: Loureiro | H8: 965741001 | I8: ☐ | J8: ☐ | K8: ☑ | L8: ☐ | M8: ☑ | N8: LUX-RP-19781221snzn | O8: 46761
A9: Cmd / SOI | B9: SOI | C9: — | D9: Cabo Ch | E9: 2040618 | F9: Paulo Alexandre Nunes Fernandes Estêvão | G9: Estevão | H9: 962354196 | I9: ☑ | J9: ☑ | K9: ☑ | L9: ☐ | M9: ☑ | N9: LUX-RP-19790126wand | O9: 46737
A10: Cmd / SOI | B10: SOI | C10: — | D10: Cabo | E10: 2090487 | F10: Wilson da Silva Sousa | G10: Sousa | H10: 911057601 | I10: ☐ | J10: ☑ | K10: ☑ | L10: ☐ | M10: ☑ | N10: LUX-RP-19880811iww0 | O10: 46753 | P10: Deu-se como Voluntário 9 / 10 / 11
A11: Cmd / SOI | B11: SOI | C11: — | D11: Cabo | E11: 2030644 | F11: Bruno Miguel Correia Pimenta | G11: Pimenta | H11: 968351779 | I11: ☑ | J11: ☑ | K11: ☑ | L11: ☑ | M11: ☑ | N11: PRT-RP-3e2e110fc693 | O11: 47328
A12: Cmd / SOI | B12: SOI | C12: — | D12: Cabo | E12: 2030052 | F12: Filipe Jorge dos Santos Silva | G12: Silva | H12: 918192135 | I12: ☑ | J12: ☑ | K12: ☑ | L12: ☐ | M12: ☑ | N12: LUX-RP-19790708pyj7 | O12: 46754
A13: Cmd / SOI | B13: SOI | C13: — | D13: Cabo | E13: 2040185 | F13: Carlos Manuel Jorge dos Santos | G13: Santos | H13: 966228675 | I13: ☐ | J13: ☐ | K13: ☑ | L13: ☐ | M13: ☑ | N13: LUX-RP-19800517tyge | O13: 46788
A14: Cmd / SOI | B14: SOI | C14: — | D14: Cabo | E14: 2070317 | F14: José Carlos Soares Gomes | G14: Gomes | H14: 969747877 | I14: ☐ | J14: ☐ | K14: ☑ | L14: ☐ | M14: ☑ | N14: LUX-RP-19850627djem | O14: 47750
A15: Cmd / SOI | B15: SOI | C15: — | D15: Cabo | E15: 2050124 | F15: Jorge Manuel Marques Vitorino | G15: Vitorino | H15: 962991874 | I15: ☐ | J15: ☐ | K15: ☑ | L15: ☐ | M15: ☑ | N15: LUX-RP-19810702llnw | O15: 28-07-2027 | P15: Curso Tecnicop de MAnutenção de Drones
A16: Graduado — 1.ª Companhia | B16: 1.ª Companhia | C16: 1.º Pelotão | D16: Sarg. Aj | E16: 2000474 | F16: Jorge Manuel Graça Rodrigues | G16: Rodrigues | H16: 938807924 | I16: ☑ | J16: ☐ | K16: ☑ | L16: ☐ | M16: ☑ | N16: LUX-RP-19771222qqim | O16: 46783
A17: Operadores — 1.ª Companhia | B17: 1.ª Companhia | C17: 1.º Pelotão | D17: Cabo | E17: 1970349 | F17: Paulo Aurélio Fernandes Alves | G17: Alves | H17: 967001966 | I17: ☐ | J17: ☐ | K17: ☑ | L17: ☐ | M17: ☑ | N17: LUX-RP-19751010xsav | O17: 48046
A18: Operadores — 1.ª Companhia | B18: 1.ª Companhia | C18: 1.º Pelotão | D18: Cabo | E18: 2000796 | F18: Jorge António Monteiro Silvano | G18: Silvano | H18: 931117347 | I18: ☑ | J18: ☐ | K18: ☑ | L18: ☐ | M18: ☑ | N18: LUX-RP-19771101okaj | O18: 48023
A19: Operadores — 1.ª Companhia | B19: 1.ª Companhia | C19: 1.º Pelotão | D19: Cabo | E19: 2070254 | F19: Sílvio Manuel Supico Serra | G19: Serra | H19: 915568450 | I19: ☐ | J19: ☐ | K19: ☑ | L19: ☐ | M19: ☑ | N19: LUX-RP-19800124dmfu | O19: 48047
A20: Operadores — 1.ª Companhia | B20: 1.ª Companhia | C20: 1.º Pelotão | D20: Grd Pr | E20: 2150382 | F20: Pedro Miguel Rodrigues Carrapatoso | G20: Carrapatoso | H20: 912334272 | I20: ☐ | J20: ☐ | K20: ☑ | L20: ☐ | M20: ☑ | N20: LUX-RP-19881103rzss | O20: 48043
A21: Operadores — 1.ª Companhia | B21: 1.ª Companhia | C21: 1.º Pelotão | D21: Grd | E21: 2210742 | F21: Leandro Filipe da Cruz Silva | G21: Silva | H21: 916029284 | I21: ☐ | J21: ☐ | K21: ☑ | L21: ☐ | M21: ☑ | N21: LUX-RP-20010914wgwe | O21: 48047
A22: Graduado — 1.ª Companhia | B22: 1.ª Companhia | C22: 2.º Pelotão | D22: Sarg. Aj | E22: 2071127 | F22: Alexandre Dias Ramalheiro | G22: Ramalheiro | H22: 969341443 | I22: ☐ | J22: ☐ | K22: ☑ | L22: ☐ | M22: ☑ | N22: LUX-RP-19850705sohl | O22: 48056
A23: Operadores — 1.ª Companhia | B23: 1.ª Companhia | C23: 2.º Pelotão | D23: Cabo Ch | E23: 2000318 | F23: Rui Fernando Oliveira Custódio | G23: Custódio | H23: 926674323 | I23: ☐ | J23: ☐ | K23: ☑ | L23: ☐ | M23: ☑ | N23: LUX-RP-19760827exe5 | O23: 48042
A24: Operadores — 1.ª Companhia | B24: 1.ª Companhia | C24: 2.º Pelotão | D24: Cabo | E24: 2030636 | F24: Francisco João Alves Silvestre | G24: Silvestre | H24: 934475861 | I24: ☐ | J24: ☐ | K24: ☑ | L24: ☑ | M24: ☑ | N24: NLD-RP-9r4mdbrk1otl | O24: 47892
A25: Operadores — 1.ª Companhia | B25: 1.ª Companhia | C25: 2.º Pelotão | D25: Cabo | E25: 2040499 | F25: Daniel de Almeida Campos Dias | G25: Dias | H25: 963783179 | I25: ☑ | J25: ☐ | K25: ☑ | L25: ☐ | M25: ☑ | N25: LUX-RP-19820113vvyi | O25: 46754
A26: Operadores — 1.ª Companhia | B26: 1.ª Companhia | C26: 2.º Pelotão | D26: Cabo | E26: 2060731 | F26: André Simões Sabino | G26: Sabino | H26: 968137808 | I26: ☐ | J26: ☐ | K26: ☑ | L26: ☐ | M26: ☑ | N26: NLD-RP-wv64r1mtulu2 | O26: 47901
A27: Operadores — 1.ª Companhia | B27: 1.ª Companhia | C27: 2.º Pelotão | D27: Cabo | E27: 2071255 | F27: Marco Paulo Pedro Santos | G27: Santos | H27: 966722389 | I27: ☐ | J27: ☐ | K27: ☑ | L27: ☐ | M27: ☑ | N27: LUX-RP-19800528obz5 | O27: 47870
A28: Operadores — 1.ª Companhia | B28: 1.ª Companhia | C28: 2.º Pelotão | D28: Grd Pr | E28: 2100421 | F28: Jacinto Manuel Farinho Neves | G28: Neves | H28: 938311662 | I28: ☐ | J28: ☐ | K28: ☑ | L28: ☐ | M28: ☑ | N28: LUX-RP-19851026fcs1 | O28: 48042 | P28: Deu-se como Voluntário 9 / 10 / 11
A29: Operadores — 1.ª Companhia | B29: 1.ª Companhia | C29: 2.º Pelotão | D29: Grd Pr | E29: 2140080 | F29: Filipe Pimenta da Silva Rodrigues Vaquinhas Pereira de Melo | G29: Melo | H29: 919909638 | I29: ☐ | J29: ☐ | K29: ☑ | L29: ☐ | M29: ☑ | N29: LUX-RP-19891016lvgs | O29: 47887
A30: Graduado — 1.ª Companhia | B30: 1.ª Companhia | C30: 3.º Pelotão | D30: 1º Sarg. | E30: 2060327 | F30: Alfredo Rodrigues Moreira da Cunha | G30: Cunha | H30: 936962179 | I30: ☐ | J30: ☐ | K30: ☑ | L30: ☐ | M30: ☑ | N30: LUX-RP-19830402dae8 | O30: 47865
A31: Operadores — 1.ª Companhia | B31: 1.ª Companhia | C31: 3.º Pelotão | D31: Cabo | E31: 2040169 | F31: Carlos André Simão Vieira | G31: Vieira | H31: 964432379 | I31: ☐ | J31: ☐ | K31: ☑ | L31: ☐ | M31: ☑ | N31: LUX-RP-19811226mqu6 | O31: 46752
A32: Operadores — 1.ª Companhia | B32: 1.ª Companhia | C32: 3.º Pelotão | D32: Cabo | E32: 2040351 | F32: Nuno Gonçalo Moreira Rodrigues | G32: Rodrigues | H32: 925305752 | I32: ☐ | J32: ☐ | K32: ☑ | L32: ☐ | M32: ☑ | N32: LUX-RP-19820404bcri | O32: 46749
A33: Operadores — 1.ª Companhia | B33: 1.ª Companhia | C33: 3.º Pelotão | D33: Cabo | E33: 2090816 | F33: Nelson Ricardo Amorim da Costa | G33: Costa | H33: 933266501 | I33: ☐ | J33: ☐ | K33: ☑ | L33: ☐ | M33: ☑ | N33: LUX-RP-19820411llwf | O33: 48045
A34: Operadores — 1.ª Companhia | B34: 1.ª Companhia | C34: 3.º Pelotão | D34: Cabo | E34: 2020440 | F34: Rodrigo Alexandre Rosa Mateus Calado | G34: Calado | H34: 919500626 | I34: ☐ | J34: ☐ | K34: ☑ | L34: ☐ | M34: ☑ | N34: LUX-RP-19780816ixvy | O34: 46754
A35: Operadores — 1.ª Companhia | B35: 1.ª Companhia | C35: 3.º Pelotão | D35: Grd Pr | E35: 2160312 | F35: Pedro Miguel Martins Nunes | G35: Nunes | H35: 968101366 | I35: ☐ | J35: ☐ | K35: ☑ | L35: ☐ | M35: ☑ | N35: LUX-RP-19890503hwd8 | O35: 48051
A36: Operadores — 1.ª Companhia | B36: 1.ª Companhia | C36: 3.º Pelotão | D36: Grd | E36: 2180148 | F36: Rui Miguel Gonçalves Ribeiro | G36: Ribeiro | H36: 918859280 | I36: ☑ | J36: ☐ | K36: ☑ | L36: ☐ | M36: ☑ | N36: LUX-RP-19910918zdfh | O36: 46750 | P36: Deu-se como Voluntário 9 / 10 / 11
A37: Operadores — 1.ª Companhia | B37: 1.ª Companhia | C37: 3.º Pelotão | D37: Grd | E37: 2211307 | F37: João Pedro da Silva Soares | G37: Soares | H37: 913178281 | I37: ☐ | J37: ☐ | K37: ☑ | L37: ☐ | M37: ☑ | N37: LUX-RP-20001119qxde | O37: 48046
A38: Operadores — 2.ª Companhia | B38: 2.ª Companhia | C38: 4.º Pelotão | D38: Cabo Ch | E38: 1990953 | F38: Orlando Augusto Gil Cosme | G38: Cosme | H38: 966146592 | I38: ☐ | J38: ☐ | K38: ☑ | L38: ☐ | M38: ☑ | N38: LUX-RP-19770711epuo | O38: 46745 | P38: Deu-se como Voluntário 9 / 10 / 11
A39: Operadores — 2.ª Companhia | B39: 2.ª Companhia | C39: 4.º Pelotão | D39: Cabo | E39: 2060540 | F39: Alexandre Filipe Correia Tomázio | G39: Tomázio | I39: ☐ | J39: ☐ | K39: ☑ | L39: ☐ | M39: ☑ | P39: Reprovou 1x nos testes
A40: Operadores — 2.ª Companhia | B40: 2.ª Companhia | C40: 4.º Pelotão | D40: Grd Pr | E40: 2150076 | F40: Dany David Ferreira Domingues | G40: Domingues | H40: 919194098 | I40: ☐ | J40: ☐ | K40: ☐ | L40: ☐ | M40: ☐
A41: Graduado — 2.ª Companhia | B41: 2.ª Companhia | C41: 5.º Pelotão | D41: 1º Sarg. | E41: 2150448 | F41: João Maria Domingos Henriques | G41: Henriques | H41: 927446989 | I41: ☐ | J41: ☐ | K41: ☑ | L41: ☐ | M41: ☑ | N41: PRT-RP-8fec7da2d7e9 | O41: 47862
A42: Operadores — 2.ª Companhia | B42: 2.ª Companhia | C42: 5.º Pelotão | D42: Cabo | E42: 1991035 | F42: Bruno Miguel Lameiras Patrocínio | G42: Patrocínio | H42: 963082343 | I42: ☐ | J42: ☐ | K42: ☑ | L42: ☐ | M42: ☑ | N42: LUX-RP-19780708cuci | O42: 48044
A43: Operadores — 2.ª Companhia | B43: 2.ª Companhia | C43: 5.º Pelotão | D43: Cabo | E43: 2070759 | F43: David Filipe Monteiro Pereira | G43: Pereira | H43: 910296109 | I43: ☐ | J43: ☐ | K43: ☑ | L43: ☐ | M43: ☑ | N43: LUX-RP-19851007yijd | O43: 48044
A44: Operadores — 2.ª Companhia | B44: 2.ª Companhia | C44: 5.º Pelotão | D44: Cabo | E44: 2070922 | F44: Nuno Pedro Rolo Correia Veloso | G44: Veloso | H44: 967377359 | I44: ☐ | J44: ☐ | K44: ☑ | L44: ☐ | M44: ☑ | N44: LUX-RP-19800826bgs4 | O44: 46749 | P44: Deu-se como Voluntário 9 / 10 / 11
A45: Operadores — 2.ª Companhia | B45: 2.ª Companhia | C45: 5.º Pelotão | D45: Cabo | E45: 2070960 | F45: Nuno Duarte Beira Pires Pereira | G45: Pereira | H45: 918116642 | I45: ☐ | J45: ☐ | K45: ☑ | L45: ☐ | M45: ☑ | N45: LUX-RP-19860406ukyn | O45: 48043
A46: Operadores — 2.ª Companhia | B46: 2.ª Companhia | C46: 5.º Pelotão | D46: Grd Pr | E46: 2120476 | F46: Tiago Realinho da Costa | G46: Costa | H46: 967155895 | I46: ☐ | J46: ☐ | K46: ☑ | L46: ☐ | M46: ☑ | N46: LUX-RP-19930413pxdt | O46: 48045
A47: Operadores — 2.ª Companhia | B47: 2.ª Companhia | C47: 5.º Pelotão | D47: Grd | E47: 2220821 | F47: João Carlos Pereira Nunes | G47: Nunes | H47: 912453568 | I47: ☐ | J47: ☐ | K47: ☑ | L47: ☐ | M47: ☑ | N47: LUX-RP-19990913ijjx | O47: 48043
A48: Graduado — 2.ª Companhia | B48: 2.ª Companhia | C48: 6.º Pelotão | D48: 1º Sarg. | E48: 2090305 | F48: Fabio Emanuel Marques Antunes | G48: Antunes | H48: 969469127 | I48: ☐ | J48: ☐ | K48: ☑ | L48: ☐ | M48: ☑ | N48: LUX-RP-19850417ise6 | O48: 48044
A49: Operadores — 2.ª Companhia | B49: 2.ª Companhia | C49: 6.º Pelotão | D49: Cabo Mor | E49: 1970446 | F49: Paulo Jorge dos Santos Coelho | G49: Coelho | H49: 962361432 | I49: ☐ | J49: ☐ | K49: ☑ | L49: ☐ | M49: ☑ | N49: LUX-RP-19741126exti | O49: 46748
A50: Operadores — 2.ª Companhia | B50: 2.ª Companhia | C50: 6.º Pelotão | D50: Cabo | E50: 1990783 | F50: Luís Filipe Sequeira Batista Pombo | G50: Pombo | H50: 963891293 | I50: ☐ | J50: ☐ | K50: ☑ | L50: ☐ | M50: ☑ | N50: LUX-RP-19770308trm6 | O50: 46757 | P50: Reprovou 1x nos testes
A51: Operadores — 2.ª Companhia | B51: 2.ª Companhia | C51: 6.º Pelotão | D51: Cabo | E51: 2010584 | F51: Alberto Pinto de Andrade | G51: Andrade | H51: 963051870 | I51: ☐ | J51: ☐ | K51: ☑ | L51: ☐ | M51: ☑ | N51: LUX-RP-19760127hhbs | O51: 48044
A52: Operadores — 2.ª Companhia | B52: 2.ª Companhia | C52: 6.º Pelotão | D52: Cabo | E52: 2040406 | F52: José Alfredo Trigo Lorga | G52: Lorga | H52: 918253991 | I52: ☐ | J52: ☐ | K52: ☑ | L52: ☐ | M52: ☑ | N52: LUX-RP-19810211xpma | O52: 48051
A53: Operadores — 2.ª Companhia | B53: 2.ª Companhia | C53: 6.º Pelotão | D53: Cabo | E53: 2040682 | F53: Dário Gonçalo Farçadas Ruivo | G53: Ruivo | H53: 962767029 | I53: ☐ | J53: ☐ | K53: ☑ | L53: ☐ | M53: ☑ | N53: LUX-RP-19830118qozr | O53: 46800
A54: Operadores — 2.ª Companhia | B54: 2.ª Companhia | C54: 6.º Pelotão | D54: Cabo | E54: 2061022 | F54: Bruno José Lopes Ferreira Furtado | G54: Furtado | H54: 964622967 | I54: ☐ | J54: ☐ | K54: ☑ | L54: ☐ | M54: ☑ | N54: LUX-RP-19820204SIKT | O54: 25/08/2031
A55: Operadores — 2.ª Companhia | B55: 2.ª Companhia | C55: 6.º Pelotão | D55: Grd | E55: 2210169 | F55: Gonçalo Filipe Sousa Ferreira | G55: Ferreira | H55: 917164128 | I55: ☐ | J55: ☐ | K55: ☑ | L55: ☐ | M55: ☑ | N55: LUX-RP-19920118kfsp | O55: 48044
A56: Graduado — 3.ª Companhia | B56: 3.ª Companhia | C56: 7.º Pelotão | D56: 1º Sarg. | E56: 2100420 | F56: Rúben Alexandre Avelino Valente | G56: Valente | H56: 914116418 | I56: ☐ | J56: ☐ | K56: ☑ | L56: ☐ | M56: ☑ | N56: LUX-RP-19880414pro8 | O56: 48047
A57: Operadores — 3.ª Companhia | B57: 3.ª Companhia | C57: 7.º Pelotão | D57: Cabo Ch | E57: 2000832 | F57: Manuel Alexandre da Silva Rocha | G57: Rocha | H57: 917353149 | I57: ☐ | J57: ☐ | K57: ☑ | L57: ☐ | M57: ☑ | N57: LUX-RP-19740607vui8 | O57: 46757 | P57: Reprovou 1x nos testes
A58: Operadores — 3.ª Companhia | B58: 3.ª Companhia | C58: 7.º Pelotão | D58: Cabo | E58: 2010798 | F58: Adérito da Silva Castro Guedes Vieira | G58: Vieira | H58: 918770073 | I58: ☐ | J58: ☐ | K58: ☑ | L58: ☐ | M58: ☑ | N58: LUX-RP-19751021snoe | O58: 48050 | P58: Deu-se como Voluntário 9 / 10 / 11
A59: Operadores — 3.ª Companhia | B59: 3.ª Companhia | C59: 7.º Pelotão | D59: Grd Pr | E59: 2020899 | F59: João Paulo Nogueira Fernandes | G59: Fernandes | H59: 969592500 | I59: ☐ | J59: ☐ | K59: ☐ | L59: ☐ | M59: ☐
A60: Operadores — 3.ª Companhia | B60: 3.ª Companhia | C60: 7.º Pelotão | D60: Cabo | E60: 2070931 | F60: João Nuno Varino Alves | G60: Alves | H60: 914767475 | I60: ☐ | J60: ☐ | K60: ☐ | L60: ☐ | M60: ☐
A61: Operadores — 3.ª Companhia | B61: 3.ª Companhia | C61: 7.º Pelotão | D61: Grd Pr | E61: 2071215 | F61: Roberto Faustino Soares | G61: Soares | H61: 963729653 | I61: ☐ | J61: ☐ | K61: ☐ | L61: ☐ | M61: ☐
A62: Operadores — 3.ª Companhia | B62: 3.ª Companhia | C62: 7.º Pelotão | D62: Grd Pr | E62: 2150227 | F62: Carlos Daniel Matias Eufrásio | G62: Eufrásio | H62: 910864449 | I62: ☐ | J62: ☐ | K62: ☑ | L62: ☐ | M62: ☑ | N62: LUX-RP-19890906ajo5 | O62: 46751
A63: Operadores — 3.ª Companhia | B63: 3.ª Companhia | C63: 7.º Pelotão | D63: Grd | E63: 2210115 | F63: Pedro Miguel Ramalho da Silva | G63: Silva | H63: 961664154 | I63: ☐ | J63: ☐ | K63: ☑ | L63: ☐ | M63: ☑ | N63: LUX-RP-19980102wlbw | O63: 48190
A64: Operadores — 3.ª Companhia | B64: 3.ª Companhia | C64: 7.º Pelotão | D64: Grd | E64: 2225091 | F64: Francisco Ferreira Matias | G64: Matias | H64: 915196841 | I64: ☐ | J64: ☐ | K64: ☑ | L64: ☐ | M64: ☑ | N64: LUX-RP-20001016ljph | O64: 47527
A65: Graduado — 3.ª Companhia | B65: 3.ª Companhia | C65: 8.º Pelotão | D65: 1º Sarg. | E65: 2140147 | F65: Fábio Emanuel Morgado Gomes | G65: Gomes | H65: 914297805 | I65: ☐ | J65: ☐ | K65: ☑ | L65: ☐ | M65: ☑ | N65: LUX-RP-19900906sdzv | O65: 29-04-2028 | P65: Reprovou 1x nos testes
A66: Operadores — 3.ª Companhia | B66: 3.ª Companhia | C66: 8.º Pelotão | D66: Cabo | E66: 2030055 | F66: Victor Emanuel Cortinhas de Sousa Rosa | G66: Rosa | H66: 932802244 | I66: ☐ | J66: ☐ | K66: ☑ | L66: ☐ | M66: ☑ | N66: PRT-RP-b7306988c583 | O66: 48061
A67: Operadores — 3.ª Companhia | B67: 3.ª Companhia | C67: 8.º Pelotão | D67: Cabo | E67: 2060268 | F67: Paulo Miguel Pereira dos Santos | G67: Santos | H67: 918948928 | I67: ☑ | J67: ☐ | K67: ☑ | L67: ☐ | M67: ☑ | N67: LUX-RP-19860714dpbp | O67: 48023
A68: Operadores — 3.ª Companhia | B68: 3.ª Companhia | C68: 8.º Pelotão | D68: Grd Pr | E68: 2140751 | F68: Fábio Manuel Monteiro Antunes | G68: Antunes | H68: 916954543 | I68: ☐ | J68: ☐ | K68: ☑ | L68: ☐ | M68: ☑ | N68: LUX-RP-19910831wwnr | O68: 48061
A69: Operadores — 3.ª Companhia | B69: 3.ª Companhia | C69: 8.º Pelotão | D69: Grd Pr | E69: 2140884 | F69: Mário Jorge Esteves Aparício | G69: Aparicio | H69: 915538692 | I69: ☐ | J69: ☐ | K69: ☑ | L69: ☐ | M69: ☑ | N69: PRT-RP-68296cb1076e | O69: 48068
A70: Operadores — 3.ª Companhia | B70: 3.ª Companhia | C70: 8.º Pelotão | D70: Grd Pr | E70: 2150206 | F70: Flávio João Mota Jorge | G70: Jorge | H70: 961536537 | I70: ☐ | J70: ☐ | K70: ☑ | L70: ☐ | M70: ☑ | N70: LUX-RP-19900329yco5 | O70: 47856
A71: Operadores — 3.ª Companhia | B71: 3.ª Companhia | C71: 8.º Pelotão | D71: Grd | E71: 2211470 | F71: João Pedro Tomaz Lourenço | G71: Lourenço | H71: 912051389 | I71: ☐ | J71: ☐ | K71: ☑ | L71: ☐ | M71: ☑ | N71: LUX-RP-19930327fgrx | O71: 48053
A72: Graduado — 3.ª Companhia | B72: 3.ª Companhia | C72: 9.º Pelotão | D72: 2º Sarg. | E72: 2140655 | F72: Bruno Alexandre Marques Ferreira | G72: Ferreira | H72: 917467681 | I72: ☐ | J72: ☐ | K72: ☑ | L72: ☐ | M72: ☑ | N72: LUX-RP-19901015apjm | O72: 16-07/2031
A73: Operadores — 3.ª Companhia | B73: 3.ª Companhia | C73: 9.º Pelotão | D73: Cabo | E73: 2030236 | F73: André Gouveia da Rocha | G73: Rocha | H73: 965414976 | I73: ☑ | J73: ☐ | K73: ☑ | L73: ☐ | M73: ☑ | N73: LUX-RP-19800803tro7 | O73: 25-12-2027
A74: Operadores — 3.ª Companhia | B74: 3.ª Companhia | C74: 9.º Pelotão | D74: Cabo | E74: 2060261 | F74: João Filipe Germano Mendes | G74: Mendes | H74: 965537424 | I74: ☐ | J74: ☐ | K74: ☑ | L74: ☐ | M74: ☑ | N74: LUX-RP-19850216wndo | O74: 48046 | P74: Deu-se como Voluntário 9 / 10 / 11
A75: Operadores — 3.ª Companhia | B75: 3.ª Companhia | C75: 9.º Pelotão | D75: Grd | E75: 2190314 | F75: Carlos Manuel Ribeiro da Silva | G75: Silva | H75: 914628127 | I75: ☐ | J75: ☐ | K75: ☑ | L75: ☐ | M75: ☑ | N75: LUX-RP-19980719fog3 | O75: 48044 | P75: Deu-se como Voluntário 9 / 10 / 11
A76: Graduado — 4.ª Companhia | B76: 4.ª Companhia | C76: 10.º Pelotão | D76: 2º Sarg. | E76: 2160072 | F76: Eduardo Luis Nogueira Barbosa | G76: Barbosa | H76: 918321702 | I76: ☐ | J76: ☐ | K76: ☑ | L76: ☐ | M76: ☑ | N76: LUX-RP-19920225nfz5 | O76: 48044
A77: Operadores — 4.ª Companhia | B77: 4.ª Companhia | C77: 10.º Pelotão | D77: Grd Pr | E77: 2090745 | F77: Berto Jorge Mota Miranda | G77: Miranda | H77: 969352421 | I77: ☑ | J77: ☐ | K77: ☑ | L77: ☐ | M77: ☑ | N77: PRT-RP-cb8fe9cc9e20 | O77: 47722
A78: Operadores — 4.ª Companhia | B78: 4.ª Companhia | C78: 10.º Pelotão | D78: Grd Pr | E78: 2120740 | F78: Bernardo Samuel Fernandes Lameira | G78: Lameira | H78: 937626453 | I78: ☐ | J78: ☐ | K78: ☑ | L78: ☐ | M78: ☑ | N78: LUX-RP-19910127sbf4 | O78: 46727 | P78: Deu-se como Voluntário 9 / 10 / 11
A79: Operadores — 4.ª Companhia | B79: 4.ª Companhia | C79: 11.º Pelotão | D79: Cabo | E79: 2060410 | F79: Hélder Fernando Assis Cruz | G79: Cruz | H79: 917281461 | I79: ☐ | J79: ☐ | K79: ☑ | L79: ☐ | M79: ☑ | N79: LUX-RP-19800729txz6 | O79: 46732
A80: Operadores — 4.ª Companhia | B80: 4.ª Companhia | C80: 11.º Pelotão | D80: Grd Pr | E80: 2090645 | F80: Pedro Jorge Teles Ribeiro | G80: Ribeiro | H80: 911521375 | I80: ☐ | J80: ☐ | K80: ☑ | L80: ☐ | M80: ☑ | N80: LUX-RP-19880706fiun | O80: 46750
A81: Operadores — 4.ª Companhia | B81: 4.ª Companhia | C81: 12.º Pelotão | D81: Cabo | E81: 2010480 | F81: Pedro Miguel Sousa Lopes | G81: Lopes | H81: 966628006 | I81: ☐ | J81: ☐ | K81: ☑ | L81: ☐ | M81: ☑ | N81: LUX-RP-19800711rgiz | O81: 46726 | P81: Deu-se como Voluntário 9 / 10 / 11

Sheet Análise
A1: ANÁLISE DO EFETIVO DA CAPACIDADE UAS / C-UAS
A3: Efetivo por origem (subunidade) | D3: Efetivo por posto | G3: Estrutura de comando
A4: Origem | B4: Efetivo | D4: Posto | E4: Efetivo | G4: Escalão | H4: N.º
A5: Comando / SOI | B5: =COUNTIF('Capacidade UAS-CUAS'!$B$4:$B$81,"Comando / SOI")+COUNTIF('Capacidade UAS-CUAS'!$B$4:$B$81,"Secretaria GIOP")+COUNTIF('Capacidade UAS-CUAS'!$B$4:$B$81,"SOI") -> 12 | D5: Tenente | E5: =COUNTIF('Capacidade UAS-CUAS'!$D$4:$D$81,"Tenente") -> 1 | G5: Coordenador | H5: =COUNTIF('Capacidade UAS-CUAS'!$A$4:$A$81,"Coordenação") -> 1
A6: 1.ª Companhia | B6: =COUNTIF('Capacidade UAS-CUAS'!$B$4:$B$81,"1.ª Companhia") -> 22 | D6: Sarg. Ch | E6: =COUNTIF('Capacidade UAS-CUAS'!$D$4:$D$81,"Sarg. Ch") -> 1 | G6: Graduados (Sargentos) | H6: =COUNTIF('Capacidade UAS-CUAS'!$D$4:$D$81,"Sarg. Ch")+COUNTIF('Capacidade UAS-CUAS'!$D$4:$D$81,"Sarg. Aj")+COUNTIF('Capacidade UAS-CUAS'!$D$4:$D$81,"1º Sarg.")+COUNTIF('Capacidade UAS-CUAS'!$D$4:$D$81,"2º Sarg.") -> 11
A7: 2.ª Companhia | B7: =COUNTIF('Capacidade UAS-CUAS'!$B$4:$B$81,"2.ª Companhia") -> 18 | D7: Sarg. Aj | E7: =COUNTIF('Capacidade UAS-CUAS'!$D$4:$D$81,"Sarg. Aj") -> 2 | G7: Restantes elementos | H7: =COUNTA('Capacidade UAS-CUAS'!$D$4:$D$81)-H5-H6 -> 66
A8: 3.ª Companhia | B8: =COUNTIF('Capacidade UAS-CUAS'!$B$4:$B$81,"3.ª Companhia") -> 20 | D8: 1º Sarg. | E8: =COUNTIF('Capacidade UAS-CUAS'!$D$4:$D$81,"1º Sarg.") -> 6
A9: 4.ª Companhia | B9: =COUNTIF('Capacidade UAS-CUAS'!$B$4:$B$81,"4.ª Companhia") -> 6 | D9: 2º Sarg. | E9: =COUNTIF('Capacidade UAS-CUAS'!$D$4:$D$81,"2º Sarg.") -> 2
A10: TOTAL | B10: =SUM(B5:B9) -> 78 | D10: Cabo Mor | E10: =COUNTIF('Capacidade UAS-CUAS'!$D$4:$D$81,"Cabo Mor") -> 1
D11: Cabo Ch | E11: =COUNTIF('Capacidade UAS-CUAS'!$D$4:$D$81,"Cabo Ch") -> 5
D12: Cabo | E12: =COUNTIF('Capacidade UAS-CUAS'!$D$4:$D$81,"Cabo") -> 36
D13: Grd Pr | E13: =COUNTIF('Capacidade UAS-CUAS'!$D$4:$D$81,"Grd Pr") -> 15
D14: Grd | E14: =COUNTIF('Capacidade UAS-CUAS'!$D$4:$D$81,"Grd") -> 9
D15: TOTAL | E15: =SUM(E5:E14) -> 78
A18: Cobertura formativa (n.º de militares com o curso)
A19: Formação | B19: Com curso (☑) | C19: % do efetivo
A20: CPRANT (Curso UAS) | B20: =COUNTIF('Capacidade UAS-CUAS'!$I$4:$I$81,"☑") -> 12 | C20: =B20/COUNTA('Capacidade UAS-CUAS'!$E$4:$E$81) -> 0.15384615
A21: Curso C-UAS | B21: =COUNTIF('Capacidade UAS-CUAS'!$J$4:$J$81,"☑") -> 7 | C21: =B21/COUNTA('Capacidade UAS-CUAS'!$E$4:$E$81) -> 0.08974359
A22: A1 | B22: =COUNTIF('Capacidade UAS-CUAS'!$K$4:$K$81,"☑") -> 74 | C22: =B22/COUNTA('Capacidade UAS-CUAS'!$E$4:$E$81) -> 0.94871795
A23: A2 | B23: =COUNTIF('Capacidade UAS-CUAS'!$L$4:$L$81,"☑") -> 2 | C23: =B23/COUNTA('Capacidade UAS-CUAS'!$E$4:$E$81) -> 0.025641026
A24: A3 | B24: =COUNTIF('Capacidade UAS-CUAS'!$M$4:$M$81,"☑") -> 74 | C24: =B24/COUNTA('Capacidade UAS-CUAS'!$E$4:$E$81) -> 0.94871795
F38: RELAÇÃO DE GRADUADOS (SARGENTOS)
F39: # | G39: Posto | H39: NM | I39: Nome | J39: Subunidade | K39: Antiguidade
F40: 1 | G40: Sarg. Ch | H40: 1970024 | I40: Manuel António Gonçalves Cordeiro | J40: SOI | K40: 268
F41: 2 | G41: Sarg. Aj | H41: 2000474 | I41: Jorge Manuel Graça Rodrigues | J41: 1.ª Companhia | K41: 1337
F42: 3 | G42: Sarg. Aj | H42: 2071127 | I42: Alexandre Dias Ramalheiro | J42: 1.ª Companhia | K42: 1546
F43: 4 | G43: 1º Sarg. | H43: 2031108 | I43: Hélder Simão Nunes | J43: SOI | K43: 1627
F44: 5 | G44: 1º Sarg. | H44: 2060327 | I44: Alfredo Rodrigues Moreira da Cunha | J44: 1.ª Companhia | K44: 1657
F45: 6 | G45: 1º Sarg. | H45: 2100420 | I45: Rúben Alexandre Avelino Valente | J45: 3.ª Companhia | K45: 1899
F46: 7 | G46: 1º Sarg. | H46: 2150448 | I46: João Maria Domingos Henriques | J46: 2.ª Companhia | K46: 1906
F47: 8 | G47: 1º Sarg. | H47: 2140147 | I47: Fábio Emanuel Morgado Gomes | J47: 3.ª Companhia | K47: 1908
F48: 9 | G48: 1º Sarg. | H48: 2090305 | I48: Fabio Emanuel Marques Antunes | J48: 2.ª Companhia | K48: 1984
F49: 10 | G49: 2º Sarg. | H49: 2160072 | I49: Eduardo Luis Nogueira Barbosa | J49: 4.ª Companhia | K49: 2027
F50: 11 | G50: 2º Sarg. | H50: 2140655 | I50: Bruno Alexandre Marques Ferreira | J50: 3.ª Companhia | K50: 2098
F51: Total de graduados: | I51: 11

Sheet Serviços
A1: GRUPO DE INTERVENÇÃO DE ORDEM PÚBLICA — REGISTO DE SERVIÇOS UAS / C-UAS
A2: Nome, Subunidade e Posto preenchem automaticamente a partir do NM
A3: Data | B3: NM | C3: Nome | D3: Subunidade | E3: Posto | F3: Tipo de Serviço | G3: UAS USADO | H3: Categoria | I3: N.º NOTAM | J3: Local | K3: Observações
A4: 46198 | B4: 2040618 | C4: =IFERROR(INDEX('Capacidade UAS-CUAS'!$F$4:$F$81,MATCH($B4,'Capacidade UAS-CUAS'!$E$4:$E$81,0)),"") -> Paulo Alexandre Nunes Fernandes Estêvão | D4: =IFERROR(INDEX('Capacidade UAS-CUAS'!$B$4:$B$81,MATCH($B4,'Capacidade UAS-CUAS'!$E$4:$E$81,0)),"") -> SOI | E4: =IFERROR(INDEX('Capacidade UAS-CUAS'!$D$4:$D$81,MATCH($B4,'Capacidade UAS-CUAS'!$E$4:$E$81,0)),"") -> Cabo Ch | F4: C-UAS | H4: Exercício | J4: Tomar | K4: Cirex - Curso de Infraestruturas
A5: 46198 | B5: 2090487 | C5: =IFERROR(INDEX('Capacidade UAS-CUAS'!$F$4:$F$81,MATCH($B5,'Capacidade UAS-CUAS'!$E$4:$E$81,0)),"") -> Wilson da Silva Sousa | D5: =IFERROR(INDEX('Capacidade UAS-CUAS'!$B$4:$B$81,MATCH($B5,'Capacidade UAS-CUAS'!$E$4:$E$81,0)),"") -> SOI | E5: =IFERROR(INDEX('Capacidade UAS-CUAS'!$D$4:$D$81,MATCH($B5,'Capacidade UAS-CUAS'!$E$4:$E$81,0)),"") -> Cabo | F5: C-UAS | H5: Exercício | J5: Tomar | K5: Cirex - Curso de Infraestruturas
A6: 46198 | B6: 2040351 | C6: =IFERROR(INDEX('Capacidade UAS-CUAS'!$F$4:$F$81,MATCH($B6,'Capacidade UAS-CUAS'!$E$4:$E$81,0)),"") -> Nuno Gonçalo Moreira Rodrigues | D6: =IFERROR(INDEX('Capacidade UAS-CUAS'!$B$4:$B$81,MATCH($B6,'Capacidade UAS-CUAS'!$E$4:$E$81,0)),"") -> 1.ª Companhia | E6: =IFERROR(INDEX('Capacidade UAS-CUAS'!$D$4:$D$81,MATCH($B6,'Capacidade UAS-CUAS'!$E$4:$E$81,0)),"") -> Cabo | F6: C-UAS | H6: Exercício | J6: Tomar | K6: Cirex - Curso de Infraestruturas
A7: 46198 | B7: 2180148 | C7: =IFERROR(INDEX('Capacidade UAS-CUAS'!$F$4:$F$81,MATCH($B7,'Capacidade UAS-CUAS'!$E$4:$E$81,0)),"") -> Rui Miguel Gonçalves Ribeiro | D7: =IFERROR(INDEX('Capacidade UAS-CUAS'!$B$4:$B$81,MATCH($B7,'Capacidade UAS-CUAS'!$E$4:$E$81,0)),"") -> 1.ª Companhia | E7: =IFERROR(INDEX('Capacidade UAS-CUAS'!$D$4:$D$81,MATCH($B7,'Capacidade UAS-CUAS'!$E$4:$E$81,0)),"") -> Grd | F7: C-UAS | H7: Exercício | J7: Tomar | K7: Cirex - Curso de Infraestruturas
A8: 46204 | B8: 2040618 | C8: =IFERROR(INDEX('Capacidade UAS-CUAS'!$F$4:$F$81,MATCH($B8,'Capacidade UAS-CUAS'!$E$4:$E$81,0)),"") -> Paulo Alexandre Nunes Fernandes Estêvão | D8: =IFERROR(INDEX('Capacidade UAS-CUAS'!$B$4:$B$81,MATCH($B8,'Capacidade UAS-CUAS'!$E$4:$E$81,0)),"") -> SOI | E8: =IFERROR(INDEX('Capacidade UAS-CUAS'!$D$4:$D$81,MATCH($B8,'Capacidade UAS-CUAS'!$E$4:$E$81,0)),"") -> Cabo Ch | F8: UAS | G8: 3T | H8: Recolha de Imagens | I8: Notam Pedido | J8: Albufeira
A9: 46204 | B9: 2070317 | C9: =IFERROR(INDEX('Capacidade UAS-CUAS'!$F$4:$F$81,MATCH($B9,'Capacidade UAS-CUAS'!$E$4:$E$81,0)),"") -> José Carlos Soares Gomes | D9: =IFERROR(INDEX('Capacidade UAS-CUAS'!$B$4:$B$81,MATCH($B9,'Capacidade UAS-CUAS'!$E$4:$E$81,0)),"") -> SOI | E9: =IFERROR(INDEX('Capacidade UAS-CUAS'!$D$4:$D$81,MATCH($B9,'Capacidade UAS-CUAS'!$E$4:$E$81,0)),"") -> Cabo | F9: UAS | G9: 3T | H9: Recolha de Imagens | I9: Notam Pedido | J9: Albufeira
A10: 46206 | B10: 2040618 | C10: =IFERROR(INDEX('Capacidade UAS-CUAS'!$F$4:$F$81,MATCH($B10,'Capacidade UAS-CUAS'!$E$4:$E$81,0)),"") -> Paulo Alexandre Nunes Fernandes Estêvão | D10: =IFERROR(INDEX('Capacidade UAS-CUAS'!$B$4:$B$81,MATCH($B10,'Capacidade UAS-CUAS'!$E$4:$E$81,0)),"") -> SOI | E10: =IFERROR(INDEX('Capacidade UAS-CUAS'!$D$4:$D$81,MATCH($B10,'Capacidade UAS-CUAS'!$E$4:$E$81,0)),"") -> Cabo Ch | F10: UAS | G10: 3T Mini3 Pro | H10: Exercício | J10: Santa Margarida | K10: Exercicio Leão
A11: 46206 | B11: 1970024 | C11: =IFERROR(INDEX('Capacidade UAS-CUAS'!$F$4:$F$81,MATCH($B11,'Capacidade UAS-CUAS'!$E$4:$E$81,0)),"") -> Manuel António Gonçalves Cordeiro | D11: =IFERROR(INDEX('Capacidade UAS-CUAS'!$B$4:$B$81,MATCH($B11,'Capacidade UAS-CUAS'!$E$4:$E$81,0)),"") -> SOI | E11: =IFERROR(INDEX('Capacidade UAS-CUAS'!$D$4:$D$81,MATCH($B11,'Capacidade UAS-CUAS'!$E$4:$E$81,0)),"") -> Sarg. Ch | F11: UAS | G11: 3T Mini3 Pro | H11: Exercício | J11: Santa Margarida | K11: Exercicio Leão
A12: 46206 | B12: 2090487 | C12: =IFERROR(INDEX('Capacidade UAS-CUAS'!$F$4:$F$81,MATCH($B12,'Capacidade UAS-CUAS'!$E$4:$E$81,0)),"") -> Wilson da Silva Sousa | D12: =IFERROR(INDEX('Capacidade UAS-CUAS'!$B$4:$B$81,MATCH($B12,'Capacidade UAS-CUAS'!$E$4:$E$81,0)),"") -> SOI | E12: =IFERROR(INDEX('Capacidade UAS-CUAS'!$D$4:$D$81,MATCH($B12,'Capacidade UAS-CUAS'!$E$4:$E$81,0)),"") -> Cabo | F12: UAS | G12: 3T Mini3 Pro | H12: Exercício | J12: Santa Margarida | K12: Exercicio Leão
A13: 46206 | B13: 2040618 | C13: =IFERROR(INDEX('Capacidade UAS-CUAS'!$F$4:$F$81,MATCH($B13,'Capacidade UAS-CUAS'!$E$4:$E$81,0)),"") -> Paulo Alexandre Nunes Fernandes Estêvão | D13: =IFERROR(INDEX('Capacidade UAS-CUAS'!$B$4:$B$81,MATCH($B13,'Capacidade UAS-CUAS'!$E$4:$E$81,0)),"") -> SOI | E13: =IFERROR(INDEX('Capacidade UAS-CUAS'!$D$4:$D$81,MATCH($B13,'Capacidade UAS-CUAS'!$E$4:$E$81,0)),"") -> Cabo Ch | F13: C-UAS | H13: Exercício | J13: Santa Margarida | K13: Exercicio Leão
A14: 46206 | B14: 1970024 | C14: =IFERROR(INDEX('Capacidade UAS-CUAS'!$F$4:$F$81,MATCH($B14,'Capacidade UAS-CUAS'!$E$4:$E$81,0)),"") -> Manuel António Gonçalves Cordeiro | D14: =IFERROR(INDEX('Capacidade UAS-CUAS'!$B$4:$B$81,MATCH($B14,'Capacidade UAS-CUAS'!$E$4:$E$81,0)),"") -> SOI | E14: =IFERROR(INDEX('Capacidade UAS-CUAS'!$D$4:$D$81,MATCH($B14,'Capacidade UAS-CUAS'!$E$4:$E$81,0)),"") -> Sarg. Ch | F14: C-UAS | H14: Exercício | J14: Santa Margarida | K14: Exercicio Leão
A15: 46206 | B15: 2090487 | C15: =IFERROR(INDEX('Capacidade UAS-CUAS'!$F$4:$F$81,MATCH($B15,'Capacidade UAS-CUAS'!$E$4:$E$81,0)),"") -> Wilson da Silva Sousa | D15: =IFERROR(INDEX('Capacidade UAS-CUAS'!$B$4:$B$81,MATCH($B15,'Capacidade UAS-CUAS'!$E$4:$E$81,0)),"") -> SOI | E15: =IFERROR(INDEX('Capacidade UAS-CUAS'!$D$4:$D$81,MATCH($B15,'Capacidade UAS-CUAS'!$E$4:$E$81,0)),"") -> Cabo | F15: C-UAS | H15: Exercício | J15: Santa Margarida | K15: Exercicio Leão
A16: 46237 | B16: 2040618 | C16: =IFERROR(INDEX('Capacidade UAS-CUAS'!$F$4:$F$81,MATCH($B16,'Capacidade UAS-CUAS'!$E$4:$E$81,0)),"") -> Paulo Alexandre Nunes Fernandes Estêvão | D16: =IFERROR(INDEX('Capacidade UAS-CUAS'!$B$4:$B$81,MATCH($B16,'Capacidade UAS-CUAS'!$E$4:$E$81,0)),"") -> SOI | E16: =IFERROR(INDEX('Capacidade UAS-CUAS'!$D$4:$D$81,MATCH($B16,'Capacidade UAS-CUAS'!$E$4:$E$81,0)),"") -> Cabo Ch | F16: UAS | G16: 3T | H16: Reconhecimento | I16: Notam Pedido | J16: Coruche
A17: 46237 | B17: 2030055 | C17: =IFERROR(INDEX('Capacidade UAS-CUAS'!$F$4:$F$81,MATCH($B17,'Capacidade UAS-CUAS'!$E$4:$E$81,0)),"") -> Victor Emanuel Cortinhas de Sousa Rosa | D17: =IFERROR(INDEX('Capacidade UAS-CUAS'!$B$4:$B$81,MATCH($B17,'Capacidade UAS-CUAS'!$E$4:$E$81,0)),"") -> 3.ª Companhia | E17: =IFERROR(INDEX('Capacidade UAS-CUAS'!$D$4:$D$81,MATCH($B17,'Capacidade UAS-CUAS'!$E$4:$E$81,0)),"") -> Cabo | F17: UAS | G17: 3T | H17: Reconhecimento | I17: Notam Pedido | J17: Coruche
A18: 46242 | B18: 2040618 | C18: =IFERROR(INDEX('Capacidade UAS-CUAS'!$F$4:$F$81,MATCH($B18,'Capacidade UAS-CUAS'!$E$4:$E$81,0)),"") -> Paulo Alexandre Nunes Fernandes Estêvão | D18: =IFERROR(INDEX('Capacidade UAS-CUAS'!$B$4:$B$81,MATCH($B18,'Capacidade UAS-CUAS'!$E$4:$E$81,0)),"") -> SOI | E18: =IFERROR(INDEX('Capacidade UAS-CUAS'!$D$4:$D$81,MATCH($B18,'Capacidade UAS-CUAS'!$E$4:$E$81,0)),"") -> Cabo Ch | F18: UAS | G18: 3T | H18: Recolha de Imagens | I18: Notam Pedido | J18: Campo Maior
A19: 46242 | B19: 2030883 | C19: =IFERROR(INDEX('Capacidade UAS-CUAS'!$F$4:$F$81,MATCH($B19,'Capacidade UAS-CUAS'!$E$4:$E$81,0)),"") -> Paulo Sérgio Pessanha Saraiva Loureiro | D19: =IFERROR(INDEX('Capacidade UAS-CUAS'!$B$4:$B$81,MATCH($B19,'Capacidade UAS-CUAS'!$E$4:$E$81,0)),"") -> SOI | E19: =IFERROR(INDEX('Capacidade UAS-CUAS'!$D$4:$D$81,MATCH($B19,'Capacidade UAS-CUAS'!$E$4:$E$81,0)),"") -> Cabo Ch | F19: UAS | G19: 3T | H19: Recolha de Imagens | I19: Notam Pedido | J19: Campo Maior
A20: 13/08/2026 | B20: 2030883 | C20: =IFERROR(INDEX('Capacidade UAS-CUAS'!$F$4:$F$81,MATCH($B20,'Capacidade UAS-CUAS'!$E$4:$E$81,0)),"") -> Paulo Sérgio Pessanha Saraiva Loureiro | D20: =IFERROR(INDEX('Capacidade UAS-CUAS'!$B$4:$B$81,MATCH($B20,'Capacidade UAS-CUAS'!$E$4:$E$81,0)),"") -> SOI | E20: =IFERROR(INDEX('Capacidade UAS-CUAS'!$D$4:$D$81,MATCH($B20,'Capacidade UAS-CUAS'!$E$4:$E$81,0)),"") -> Cabo Ch | F20: C-UAS | G20: Mini3 Pro | H20: Apoio a Operação | J20: Fátima
A21: 13/08/2026 | B21: 2070317 | C21: =IFERROR(INDEX('Capacidade UAS-CUAS'!$F$4:$F$81,MATCH($B21,'Capacidade UAS-CUAS'!$E$4:$E$81,0)),"") -> José Carlos Soares Gomes | D21: =IFERROR(INDEX('Capacidade UAS-CUAS'!$B$4:$B$81,MATCH($B21,'Capacidade UAS-CUAS'!$E$4:$E$81,0)),"") -> SOI | E21: =IFERROR(INDEX('Capacidade UAS-CUAS'!$D$4:$D$81,MATCH($B21,'Capacidade UAS-CUAS'!$E$4:$E$81,0)),"") -> Cabo | F21: C-UAS | G21: Mini3 Pro | H21: Apoio a Operação | J21: Fátima
A22: 15/08/2023 | B22: 2040618 | C22: =IFERROR(INDEX('Capacidade UAS-CUAS'!$F$4:$F$81,MATCH($B22,'Capacidade UAS-CUAS'!$E$4:$E$81,0)),"") -> Paulo Alexandre Nunes Fernandes Estêvão | D22: =IFERROR(INDEX('Capacidade UAS-CUAS'!$B$4:$B$81,MATCH($B22,'Capacidade UAS-CUAS'!$E$4:$E$81,0)),"") -> SOI | E22: =IFERROR(INDEX('Capacidade UAS-CUAS'!$D$4:$D$81,MATCH($B22,'Capacidade UAS-CUAS'!$E$4:$E$81,0)),"") -> Cabo Ch | F22: C-UAS | G22: Mini3 Pro | H22: Apoio a Operação | J22: Fátima
A23: 46249 | B23: 2020825 | C23: =IFERROR(INDEX('Capacidade UAS-CUAS'!$F$4:$F$81,MATCH($B23,'Capacidade UAS-CUAS'!$E$4:$E$81,0)),"") -> António João Carlos e Granja | D23: =IFERROR(INDEX('Capacidade UAS-CUAS'!$B$4:$B$81,MATCH($B23,'Capacidade UAS-CUAS'!$E$4:$E$81,0)),"") -> Secretaria GIOP | E23: =IFERROR(INDEX('Capacidade UAS-CUAS'!$D$4:$D$81,MATCH($B23,'Capacidade UAS-CUAS'!$E$4:$E$81,0)),"") -> Cabo | F23: C-UAS | G23: Mini3 Pro | H23: Apoio a Operação | J23: Fátima
A24: 18/08/2026 | B24: 2040618 | C24: =IFERROR(INDEX('Capacidade UAS-CUAS'!$F$4:$F$81,MATCH($B24,'Capacidade UAS-CUAS'!$E$4:$E$81,0)),"") -> Paulo Alexandre Nunes Fernandes Estêvão | D24: =IFERROR(INDEX('Capacidade UAS-CUAS'!$B$4:$B$81,MATCH($B24,'Capacidade UAS-CUAS'!$E$4:$E$81,0)),"") -> SOI | E24: =IFERROR(INDEX('Capacidade UAS-CUAS'!$D$4:$D$81,MATCH($B24,'Capacidade UAS-CUAS'!$E$4:$E$81,0)),"") -> Cabo Ch | F24: UAS | G24: 3T | H24: Recolha de Imagens | I24: Notam Pedido | J24: Rio Maior
A25: 18/08/2026 | B25: 2020825 | C25: =IFERROR(INDEX('Capacidade UAS-CUAS'!$F$4:$F$81,MATCH($B25,'Capacidade UAS-CUAS'!$E$4:$E$81,0)),"") -> António João Carlos e Granja | D25: =IFERROR(INDEX('Capacidade UAS-CUAS'!$B$4:$B$81,MATCH($B25,'Capacidade UAS-CUAS'!$E$4:$E$81,0)),"") -> Secretaria GIOP | E25: =IFERROR(INDEX('Capacidade UAS-CUAS'!$D$4:$D$81,MATCH($B25,'Capacidade UAS-CUAS'!$E$4:$E$81,0)),"") -> Cabo | F25: UAS | G25: 3T | H25: Recolha de Imagens | I25: Notam Pedido | J25: Rio Maior
A26: 25/08/2026 | B26: 2030052 | C26: =IFERROR(INDEX('Capacidade UAS-CUAS'!$F$4:$F$81,MATCH($B26,'Capacidade UAS-CUAS'!$E$4:$E$81,0)),"") -> Filipe Jorge dos Santos Silva | D26: =IFERROR(INDEX('Capacidade UAS-CUAS'!$B$4:$B$81,MATCH($B26,'Capacidade UAS-CUAS'!$E$4:$E$81,0)),"") -> SOI | E26: =IFERROR(INDEX('Capacidade UAS-CUAS'!$D$4:$D$81,MATCH($B26,'Capacidade UAS-CUAS'!$E$4:$E$81,0)),"") -> Cabo | F26: UAS | G26: 3T | H26: Reconhecimento | I26: Notam Pedido | J26: Leiria
A27: 25/08/2026 | B27: 2070922 | C27: =IFERROR(INDEX('Capacidade UAS-CUAS'!$F$4:$F$81,MATCH($B27,'Capacidade UAS-CUAS'!$E$4:$E$81,0)),"") -> Nuno Pedro Rolo Correia Veloso | D27: =IFERROR(INDEX('Capacidade UAS-CUAS'!$B$4:$B$81,MATCH($B27,'Capacidade UAS-CUAS'!$E$4:$E$81,0)),"") -> 2.ª Companhia | E27: =IFERROR(INDEX('Capacidade UAS-CUAS'!$D$4:$D$81,MATCH($B27,'Capacidade UAS-CUAS'!$E$4:$E$81,0)),"") -> Cabo | F27: UAS | G27: 3T | H27: Reconhecimento | I27: Notam Pedido | J27: Leiria
A28: 46266 | B28: 2030052 | C28: =IFERROR(INDEX('Capacidade UAS-CUAS'!$F$4:$F$81,MATCH($B28,'Capacidade UAS-CUAS'!$E$4:$E$81,0)),"") -> Filipe Jorge dos Santos Silva | D28: =IFERROR(INDEX('Capacidade UAS-CUAS'!$B$4:$B$81,MATCH($B28,'Capacidade UAS-CUAS'!$E$4:$E$81,0)),"") -> SOI | E28: =IFERROR(INDEX('Capacidade UAS-CUAS'!$D$4:$D$81,MATCH($B28,'Capacidade UAS-CUAS'!$E$4:$E$81,0)),"") -> Cabo | F28: UAS | G28: 3T | H28: Reconhecimento | I28: Notam Pedido
A29: 46266 | B29: 2000796 | C29: =IFERROR(INDEX('Capacidade UAS-CUAS'!$F$4:$F$81,MATCH($B29,'Capacidade UAS-CUAS'!$E$4:$E$81,0)),"") -> Jorge António Monteiro Silvano | D29: =IFERROR(INDEX('Capacidade UAS-CUAS'!$B$4:$B$81,MATCH($B29,'Capacidade UAS-CUAS'!$E$4:$E$81,0)),"") -> 1.ª Companhia | E29: =IFERROR(INDEX('Capacidade UAS-CUAS'!$D$4:$D$81,MATCH($B29,'Capacidade UAS-CUAS'!$E$4:$E$81,0)),"") -> Cabo | F29: UAS | G29: 3T | H29: Reconhecimento | I29: Notam Pedido
C30: =IFERROR(INDEX('Capacidade UAS-CUAS'!$F$4:$F$81,MATCH($B30,'Capacidade UAS-CUAS'!$E$4:$E$81,0)),"") | D30: =IFERROR(INDEX('Capacidade UAS-CUAS'!$B$4:$B$81,MATCH($B30,'Capacidade UAS-CUAS'!$E$4:$E$81,0)),"") | E30: =IFERROR(INDEX('Capacidade UAS-CUAS'!$D$4:$D$81,MATCH($B30,'Capacidade UAS-CUAS'!$E$4:$E$81,0)),"")
C31: =IFERROR(INDEX('Capacidade UAS-CUAS'!$F$4:$F$81,MATCH($B31,'Capacidade UAS-CUAS'!$E$4:$E$81,0)),"") | D31: =IFERROR(INDEX('Capacidade UAS-CUAS'!$B$4:$B$81,MATCH($B31,'Capacidade UAS-CUAS'!$E$4:$E$81,0)),"") | E31: =IFERROR(INDEX('Capacidade UAS-CUAS'!$D$4:$D$81,MATCH($B31,'Capacidade UAS-CUAS'!$E$4:$E$81,0)),"")
C32: =IFERROR(INDEX('Capacidade UAS-CUAS'!$F$4:$F$81,MATCH($B32,'Capacidade UAS-CUAS'!$E$4:$E$81,0)),"") | D32: =IFERROR(INDEX('Capacidade UAS-CUAS'!$B$4:$B$81,MATCH($B32,'Capacidade UAS-CUAS'!$E$4:$E$81,0)),"") | E32: =IFERROR(INDEX('Capacidade UAS-CUAS'!$D$4:$D$81,MATCH($B32,'Capacidade UAS-CUAS'!$E$4:$E$81,0)),"")
C33: =IFERROR(INDEX('Capacidade UAS-CUAS'!$F$4:$F$81,MATCH($B33,'Capacidade UAS-CUAS'!$E$4:$E$81,0)),"") | D33: =IFERROR(INDEX('Capacidade UAS-CUAS'!$B$4:$B$81,MATCH($B33,'Capacidade UAS-CUAS'!$E$4:$E$81,0)),"") | E33: =IFERROR(INDEX('Capacidade UAS-CUAS'!$D$4:$D$81,MATCH($B33,'Capacidade UAS-CUAS'!$E$4:$E$81,0)),"")
C34: =IFERROR(INDEX('Capacidade UAS-CUAS'!$F$4:$F$81,MATCH($B34,'Capacidade UAS-CUAS'!$E$4:$E$81,0)),"") | D34: =IFERROR(INDEX('Capacidade UAS-CUAS'!$B$4:$B$81,MATCH($B34,'Capacidade UAS-CUAS'!$E$4:$E$81,0)),"") | E34: =IFERROR(INDEX('Capacidade UAS-CUAS'!$D$4:$D$81,MATCH($B34,'Capacidade UAS-CUAS'!$E$4:$E$81,0)),"")
C35: =IFERROR(INDEX('Capacidade UAS-CUAS'!$F$4:$F$81,MATCH($B35,'Capacidade UAS-CUAS'!$E$4:$E$81,0)),"") | D35: =IFERROR(INDEX('Capacidade UAS-CUAS'!$B$4:$B$81,MATCH($B35,'Capacidade UAS-CUAS'!$E$4:$E$81,0)),"") | E35: =IFERROR(INDEX('Capacidade UAS-CUAS'!$D$4:$D$81,MATCH($B35,'Capacidade UAS-CUAS'!$E$4:$E$81,0)),"")
C36: =IFERROR(INDEX('Capacidade UAS-CUAS'!$F$4:$F$81,MATCH($B36,'Capacidade UAS-CUAS'!$E$4:$E$81,0)),"") | D36: =IFERROR(INDEX('Capacidade UAS-CUAS'!$B$4:$B$81,MATCH($B36,'Capacidade UAS-CUAS'!$E$4:$E$81,0)),"") | E36: =IFERROR(INDEX('Capacidade UAS-CUAS'!$D$4:$D$81,MATCH($B36,'Capacidade UAS-CUAS'!$E$4:$E$81,0)),"")
C37: =IFERROR(INDEX('Capacidade UAS-CUAS'!$F$4:$F$81,MATCH($B37,'Capacidade UAS-CUAS'!$E$4:$E$81,0)),"") | D37: =IFERROR(INDEX('Capacidade UAS-CUAS'!$B$4:$B$81,MATCH($B37,'Capacidade UAS-CUAS'!$E$4:$E$81,0)),"") | E37: =IFERROR(INDEX('Capacidade UAS-CUAS'!$D$4:$D$81,MATCH($B37,'Capacidade UAS-CUAS'!$E$4:$E$81,0)),"")
C38: =IFERROR(INDEX('Capacidade UAS-CUAS'!$F$4:$F$81,MATCH($B38,'Capacidade UAS-CUAS'!$E$4:$E$81,0)),"") | D38: =IFERROR(INDEX('Capacidade UAS-CUAS'!$B$4:$B$81,MATCH($B38,'Capacidade UAS-CUAS'!$E$4:$E$81,0)),"") | E38: =IFERROR(INDEX('Capacidade UAS-CUAS'!$D$4:$D$81,MATCH($B38,'Capacidade UAS-CUAS'!$E$4:$E$81,0)),"")
C39: =IFERROR(INDEX('Capacidade UAS-CUAS'!$F$4:$F$81,MATCH($B39,'Capacidade UAS-CUAS'!$E$4:$E$81,0)),"") | D39: =IFERROR(INDEX('Capacidade UAS-CUAS'!$B$4:$B$81,MATCH($B39,'Capacidade UAS-CUAS'!$E$4:$E$81,0)),"") | E39: =IFERROR(INDEX('Capacidade UAS-CUAS'!$D$4:$D$81,MATCH($B39,'Capacidade UAS-CUAS'!$E$4:$E$81,0)),"")
C40: =IFERROR(INDEX('Capacidade UAS-CUAS'!$F$4:$F$81,MATCH($B40,'Capacidade UAS-CUAS'!$E$4:$E$81,0)),"") | D40: =IFERROR(INDEX('Capacidade UAS-CUAS'!$B$4:$B$81,MATCH($B40,'Capacidade UAS-CUAS'!$E$4:$E$81,0)),"") | E40: =IFERROR(INDEX('Capacidade UAS-CUAS'!$D$4:$D$81,MATCH($B40,'Capacidade UAS-CUAS'!$E$4:$E$81,0)),"")
C41: =IFERROR(INDEX('Capacidade UAS-CUAS'!$F$4:$F$81,MATCH($B41,'Capacidade UAS-CUAS'!$E$4:$E$81,0)),"") | D41: =IFERROR(INDEX('Capacidade UAS-CUAS'!$B$4:$B$81,MATCH($B41,'Capacidade UAS-CUAS'!$E$4:$E$81,0)),"") | E41: =IFERROR(INDEX('Capacidade UAS-CUAS'!$D$4:$D$81,MATCH($B41,'Capacidade UAS-CUAS'!$E$4:$E$81,0)),"")
... C304: =IFERROR(INDEX('Capacidade UAS-CUAS'!$F$4:$F$81,MATCH($B304,'Capacidade UAS-CUAS'!$E$4:$E$81,0)),"") | D304: =IFERROR(INDEX('Capacidade UAS-CUAS'!$B$4:$B$81,MATCH($B304,'Capacidade UAS-CUAS'!$E$4:$E$81,0)),"") | E304: =IFERROR(INDEX('Capacidade UAS-CUAS'!$D$4:$D$81,MATCH($B304,'Capacidade UAS-CUAS'!$E$4:$E$81,0)),"")
A306: Nota: NM selecionado por lista (ligado à folha "Capacidade UAS-CUAS"). Nome, Subunidade e Posto preenchem automaticamente. Subtipo UAS só é aplicável quando Tipo de Serviço = UAS.

Sheet Análise Serviços
A1: ANÁLISE POR MILITAR — SERVIÇOS REALIZADOS
A2: Atualiza automaticamente a partir do registo à esquerda
A3: NM | B3: Nome | C3: Subunidade | D3: Total | E3: UAS | F3: C-UAS | G3: Reconhec. | H3: Exercício | I3: Apoio Op. | J3: Recolha Img.
A4: ='Capacidade UAS-CUAS'!E4 -> 2140038 | B4: ='Capacidade UAS-CUAS'!F4 -> Luis Manuel Maceiro Cantante | C4: ='Capacidade UAS-CUAS'!B4 -> Comando / SOI | D4: =COUNTIF(Serviços!$B$4:$B$304,A4) -> 0 | E4: =COUNTIFS(Serviços!$B$4:$B$304,A4,Serviços!$F$4:$F$304,"UAS") -> 0 | F4: =COUNTIFS(Serviços!$B$4:$B$304,A4,Serviços!$F$4:$F$304,"C-UAS") -> 0 | G4: =COUNTIFS(Serviços!$B$4:$B$304,A4,Serviços!$H$4:$H$304,"Reconhecimento") -> 0 | H4: =COUNTIFS(Serviços!$B$4:$B$304,A4,Serviços!$H$4:$H$304,"Exercício") -> 0 | I4: =COUNTIFS(Serviços!$B$4:$B$304,A4,Serviços!$H$4:$H$304,"Apoio a Operação") -> 0 | J4: =COUNTIFS(Serviços!$B$4:$B$304,A4,Serviços!$H$4:$H$304,"Recolha de Imagens") -> 0
A5: ='Capacidade UAS-CUAS'!E5 -> 2020825 | B5: ='Capacidade UAS-CUAS'!F5 -> António João Carlos e Granja | C5: ='Capacidade UAS-CUAS'!B5 -> Secretaria GIOP | D5: =COUNTIF(Serviços!$B$4:$B$304,A5) -> 2 | E5: =COUNTIFS(Serviços!$B$4:$B$304,A5,Serviços!$F$4:$F$304,"UAS") -> 1 | F5: =COUNTIFS(Serviços!$B$4:$B$304,A5,Serviços!$F$4:$F$304,"C-UAS") -> 1 | G5: =COUNTIFS(Serviços!$B$4:$B$304,A5,Serviços!$H$4:$H$304,"Reconhecimento") -> 0 | H5: =COUNTIFS(Serviços!$B$4:$B$304,A5,Serviços!$H$4:$H$304,"Exercício") -> 0 | I5: =COUNTIFS(Serviços!$B$4:$B$304,A5,Serviços!$H$4:$H$304,"Apoio a Operação") -> 1 | J5: =COUNTIFS(Serviços!$B$4:$B$304,A5,Serviços!$H$4:$H$304,"Recolha de Imagens") -> 1
A6: ='Capacidade UAS-CUAS'!E6 -> 1970024 | B6: ='Capacidade UAS-CUAS'!F6 -> Manuel António Gonçalves Cordeiro | C6: ='Capacidade UAS-CUAS'!B6 -> SOI | D6: =COUNTIF(Serviços!$B$4:$B$304,A6) -> 2 | E6: =COUNTIFS(Serviços!$B$4:$B$304,A6,Serviços!$F$4:$F$304,"UAS") -> 1 | F6: =COUNTIFS(Serviços!$B$4:$B$304,A6,Serviços!$F$4:$F$304,"C-UAS") -> 1 | G6: =COUNTIFS(Serviços!$B$4:$B$304,A6,Serviços!$H$4:$H$304,"Reconhecimento") -> 0 | H6: =COUNTIFS(Serviços!$B$4:$B$304,A6,Serviços!$H$4:$H$304,"Exercício") -> 2 | I6: =COUNTIFS(Serviços!$B$4:$B$304,A6,Serviços!$H$4:$H$304,"Apoio a Operação") -> 0 | J6: =COUNTIFS(Serviços!$B$4:$B$304,A6,Serviços!$H$4:$H$304,"Recolha de Imagens") -> 0
A7: ='Capacidade UAS-CUAS'!E7 -> 2031108 | B7: ='Capacidade UAS-CUAS'!F7 -> Hélder Simão Nunes | C7: ='Capacidade UAS-CUAS'!B7 -> SOI | D7: =COUNTIF(Serviços!$B$4:$B$304,A7) -> 0 | E7: =COUNTIFS(Serviços!$B$4:$B$304,A7,Serviços!$F$4:$F$304,"UAS") -> 0 | F7: =COUNTIFS(Serviços!$B$4:$B$304,A7,Serviços!$F$4:$F$304,"C-UAS") -> 0 | G7: =COUNTIFS(Serviços!$B$4:$B$304,A7,Serviços!$H$4:$H$304,"Reconhecimento") -> 0 | H7: =COUNTIFS(Serviços!$B$4:$B$304,A7,Serviços!$H$4:$H$304,"Exercício") -> 0 | I7: =COUNTIFS(Serviços!$B$4:$B$304,A7,Serviços!$H$4:$H$304,"Apoio a Operação") -> 0 | J7: =COUNTIFS(Serviços!$B$4:$B$304,A7,Serviços!$H$4:$H$304,"Recolha de Imagens") -> 0
A8: ='Capacidade UAS-CUAS'!E8 -> 2030883 | B8: ='Capacidade UAS-CUAS'!F8 -> Paulo Sérgio Pessanha Saraiva Loureiro | C8: ='Capacidade UAS-CUAS'!B8 -> SOI | D8: =COUNTIF(Serviços!$B$4:$B$304,A8) -> 2 | E8: =COUNTIFS(Serviços!$B$4:$B$304,A8,Serviços!$F$4:$F$304,"UAS") -> 1 | F8: =COUNTIFS(Serviços!$B$4:$B$304,A8,Serviços!$F$4:$F$304,"C-UAS") -> 1 | G8: =COUNTIFS(Serviços!$B$4:$B$304,A8,Serviços!$H$4:$H$304,"Reconhecimento") -> 0 | H8: =COUNTIFS(Serviços!$B$4:$B$304,A8,Serviços!$H$4:$H$304,"Exercício") -> 0 | I8: =COUNTIFS(Serviços!$B$4:$B$304,A8,Serviços!$H$4:$H$304,"Apoio a Operação") -> 1 | J8: =COUNTIFS(Serviços!$B$4:$B$304,A8,Serviços!$H$4:$H$304,"Recolha de Imagens") -> 1
A9: ='Capacidade UAS-CUAS'!E9 -> 2040618 | B9: ='Capacidade UAS-CUAS'!F9 -> Paulo Alexandre Nunes Fernandes Estêvão | C9: ='Capacidade UAS-CUAS'!B9 -> SOI | D9: =COUNTIF(Serviços!$B$4:$B$304,A9) -> 8 | E9: =COUNTIFS(Serviços!$B$4:$B$304,A9,Serviços!$F$4:$F$304,"UAS") -> 5 | F9: =COUNTIFS(Serviços!$B$4:$B$304,A9,Serviços!$F$4:$F$304,"C-UAS") -> 3 | G9: =COUNTIFS(Serviços!$B$4:$B$304,A9,Serviços!$H$4:$H$304,"Reconhecimento") -> 1 | H9: =COUNTIFS(Serviços!$B$4:$B$304,A9,Serviços!$H$4:$H$304,"Exercício") -> 3 | I9: =COUNTIFS(Serviços!$B$4:$B$304,A9,Serviços!$H$4:$H$304,"Apoio a Operação") -> 1 | J9: =COUNTIFS(Serviços!$B$4:$B$304,A9,Serviços!$H$4:$H$304,"Recolha de Imagens") -> 3
A10: ='Capacidade UAS-CUAS'!E10 -> 2090487 | B10: ='Capacidade UAS-CUAS'!F10 -> Wilson da Silva Sousa | C10: ='Capacidade UAS-CUAS'!B10 -> SOI | D10: =COUNTIF(Serviços!$B$4:$B$304,A10) -> 3 | E10: =COUNTIFS(Serviços!$B$4:$B$304,A10,Serviços!$F$4:$F$304,"UAS") -> 1 | F10: =COUNTIFS(Serviços!$B$4:$B$304,A10,Serviços!$F$4:$F$304,"C-UAS") -> 2 | G10: =COUNTIFS(Serviços!$B$4:$B$304,A10,Serviços!$H$4:$H$304,"Reconhecimento") -> 0 | H10: =COUNTIFS(Serviços!$B$4:$B$304,A10,Serviços!$H$4:$H$304,"Exercício") -> 3 | I10: =COUNTIFS(Serviços!$B$4:$B$304,A10,Serviços!$H$4:$H$304,"Apoio a Operação") -> 0 | J10: =COUNTIFS(Serviços!$B$4:$B$304,A10,Serviços!$H$4:$H$304,"Recolha de Imagens") -> 0
A11: ='Capacidade UAS-CUAS'!E11 -> 2030644 | B11: ='Capacidade UAS-CUAS'!F11 -> Bruno Miguel Correia Pimenta | C11: ='Capacidade UAS-CUAS'!B11 -> SOI | D11: =COUNTIF(Serviços!$B$4:$B$304,A11) -> 0 | E11: =COUNTIFS(Serviços!$B$4:$B$304,A11,Serviços!$F$4:$F$304,"UAS") -> 0 | F11: =COUNTIFS(Serviços!$B$4:$B$304,A11,Serviços!$F$4:$F$304,"C-UAS") -> 0 | G11: =COUNTIFS(Serviços!$B$4:$B$304,A11,Serviços!$H$4:$H$304,"Reconhecimento") -> 0 | H11: =COUNTIFS(Serviços!$B$4:$B$304,A11,Serviços!$H$4:$H$304,"Exercício") -> 0 | I11: =COUNTIFS(Serviços!$B$4:$B$304,A11,Serviços!$H$4:$H$304,"Apoio a Operação") -> 0 | J11: =COUNTIFS(Serviços!$B$4:$B$304,A11,Serviços!$H$4:$H$304,"Recolha de Imagens") -> 0
A12: ='Capacidade UAS-CUAS'!E12 -> 2030052 | B12: ='Capacidade UAS-CUAS'!F12 -> Filipe Jorge dos Santos Silva | C12: ='Capacidade UAS-CUAS'!B12 -> SOI | D12: =COUNTIF(Serviços!$B$4:$B$304,A12) -> 2 | E12: =COUNTIFS(Serviços!$B$4:$B$304,A12,Serviços!$F$4:$F$304,"UAS") -> 2 | F12: =COUNTIFS(Serviços!$B$4:$B$304,A12,Serviços!$F$4:$F$304,"C-UAS") -> 0 | G12: =COUNTIFS(Serviços!$B$4:$B$304,A12,Serviços!$H$4:$H$304,"Reconhecimento") -> 2 | H12: =COUNTIFS(Serviços!$B$4:$B$304,A12,Serviços!$H$4:$H$304,"Exercício") -> 0 | I12: =COUNTIFS(Serviços!$B$4:$B$304,A12,Serviços!$H$4:$H$304,"Apoio a Operação") -> 0 | J12: =COUNTIFS(Serviços!$B$4:$B$304,A12,Serviços!$H$4:$H$304,"Recolha de Imagens") -> 0
A13: ='Capacidade UAS-CUAS'!E13 -> 2040185 | B13: ='Capacidade UAS-CUAS'!F13 -> Carlos Manuel Jorge dos Santos | C13: ='Capacidade UAS-CUAS'!B13 -> SOI | D13: =COUNTIF(Serviços!$B$4:$B$304,A13) -> 0 | E13: =COUNTIFS(Serviços!$B$4:$B$304,A13,Serviços!$F$4:$F$304,"UAS") -> 0 | F13: =COUNTIFS(Serviços!$B$4:$B$304,A13,Serviços!$F$4:$F$304,"C-UAS") -> 0 | G13: =COUNTIFS(Serviços!$B$4:$B$304,A13,Serviços!$H$4:$H$304,"Reconhecimento") -> 0 | H13: =COUNTIFS(Serviços!$B$4:$B$304,A13,Serviços!$H$4:$H$304,"Exercício") -> 0 | I13: =COUNTIFS(Serviços!$B$4:$B$304,A13,Serviços!$H$4:$H$304,"Apoio a Operação") -> 0 | J13: =COUNTIFS(Serviços!$B$4:$B$304,A13,Serviços!$H$4:$H$304,"Recolha de Imagens") -> 0
A14: ='Capacidade UAS-CUAS'!E14 -> 2070317 | B14: ='Capacidade UAS-CUAS'!F14 -> José Carlos Soares Gomes | C14: ='Capacidade UAS-CUAS'!B14 -> SOI | D14: =COUNTIF(Serviços!$B$4:$B$304,A14) -> 2 | E14: =COUNTIFS(Serviços!$B$4:$B$304,A14,Serviços!$F$4:$F$304,"UAS") -> 1 | F14: =COUNTIFS(Serviços!$B$4:$B$304,A14,Serviços!$F$4:$F$304,"C-UAS") -> 1 | G14: =COUNTIFS(Serviços!$B$4:$B$304,A14,Serviços!$H$4:$H$304,"Reconhecimento") -> 0 | H14: =COUNTIFS(Serviços!$B$4:$B$304,A14,Serviços!$H$4:$H$304,"Exercício") -> 0 | I14: =COUNTIFS(Serviços!$B$4:$B$304,A14,Serviços!$H$4:$H$304,"Apoio a Operação") -> 1 | J14: =COUNTIFS(Serviços!$B$4:$B$304,A14,Serviços!$H$4:$H$304,"Recolha de Imagens") -> 1
A15: ='Capacidade UAS-CUAS'!E16 -> 2000474 | B15: ='Capacidade UAS-CUAS'!F16 -> Jorge Manuel Graça Rodrigues | C15: ='Capacidade UAS-CUAS'!B16 -> 1.ª Companhia | D15: =COUNTIF(Serviços!$B$4:$B$304,A15) -> 0 | E15: =COUNTIFS(Serviços!$B$4:$B$304,A15,Serviços!$F$4:$F$304,"UAS") -> 0 | F15: =COUNTIFS(Serviços!$B$4:$B$304,A15,Serviços!$F$4:$F$304,"C-UAS") -> 0 | G15: =COUNTIFS(Serviços!$B$4:$B$304,A15,Serviços!$H$4:$H$304,"Reconhecimento") -> 0 | H15: =COUNTIFS(Serviços!$B$4:$B$304,A15,Serviços!$H$4:$H$304,"Exercício") -> 0 | I15: =COUNTIFS(Serviços!$B$4:$B$304,A15,Serviços!$H$4:$H$304,"Apoio a Operação") -> 0 | J15: =COUNTIFS(Serviços!$B$4:$B$304,A15,Serviços!$H$4:$H$304,"Recolha de Imagens") -> 0
A16: ='Capacidade UAS-CUAS'!E17 -> 1970349 | B16: ='Capacidade UAS-CUAS'!F17 -> Paulo Aurélio Fernandes Alves | C16: ='Capacidade UAS-CUAS'!B17 -> 1.ª Companhia | D16: =COUNTIF(Serviços!$B$4:$B$304,A16) -> 0 | E16: =COUNTIFS(Serviços!$B$4:$B$304,A16,Serviços!$F$4:$F$304,"UAS") -> 0 | F16: =COUNTIFS(Serviços!$B$4:$B$304,A16,Serviços!$F$4:$F$304,"C-UAS") -> 0 | G16: =COUNTIFS(Serviços!$B$4:$B$304,A16,Serviços!$H$4:$H$304,"Reconhecimento") -> 0 | H16: =COUNTIFS(Serviços!$B$4:$B$304,A16,Serviços!$H$4:$H$304,"Exercício") -> 0 | I16: =COUNTIFS(Serviços!$B$4:$B$304,A16,Serviços!$H$4:$H$304,"Apoio a Operação") -> 0 | J16: =COUNTIFS(Serviços!$B$4:$B$304,A16,Serviços!$H$4:$H$304,"Recolha de Imagens") -> 0
A17: ='Capacidade UAS-CUAS'!E18 -> 2000796 | B17: ='Capacidade UAS-CUAS'!F18 -> Jorge António Monteiro Silvano | C17: ='Capacidade UAS-CUAS'!B18 -> 1.ª Companhia | D17: =COUNTIF(Serviços!$B$4:$B$304,A17) -> 1 | E17: =COUNTIFS(Serviços!$B$4:$B$304,A17,Serviços!$F$4:$F$304,"UAS") -> 1 | F17: =COUNTIFS(Serviços!$B$4:$B$304,A17,Serviços!$F$4:$F$304,"C-UAS") -> 0 | G17: =COUNTIFS(Serviços!$B$4:$B$304,A17,Serviços!$H$4:$H$304,"Reconhecimento") -> 1 | H17: =COUNTIFS(Serviços!$B$4:$B$304,A17,Serviços!$H$4:$H$304,"Exercício") -> 0 | I17: =COUNTIFS(Serviços!$B$4:$B$304,A17,Serviços!$H$4:$H$304,"Apoio a Operação") -> 0 | J17: =COUNTIFS(Serviços!$B$4:$B$304,A17,Serviços!$H$4:$H$304,"Recolha de Imagens") -> 0
A18: ='Capacidade UAS-CUAS'!E19 -> 2070254 | B18: ='Capacidade UAS-CUAS'!F19 -> Sílvio Manuel Supico Serra | C18: ='Capacidade UAS-CUAS'!B19 -> 1.ª Companhia | D18: =COUNTIF(Serviços!$B$4:$B$304,A18) -> 0 | E18: =COUNTIFS(Serviços!$B$4:$B$304,A18,Serviços!$F$4:$F$304,"UAS") -> 0 | F18: =COUNTIFS(Serviços!$B$4:$B$304,A18,Serviços!$F$4:$F$304,"C-UAS") -> 0 | G18: =COUNTIFS(Serviços!$B$4:$B$304,A18,Serviços!$H$4:$H$304,"Reconhecimento") -> 0 | H18: =COUNTIFS(Serviços!$B$4:$B$304,A18,Serviços!$H$4:$H$304,"Exercício") -> 0 | I18: =COUNTIFS(Serviços!$B$4:$B$304,A18,Serviços!$H$4:$H$304,"Apoio a Operação") -> 0 | J18: =COUNTIFS(Serviços!$B$4:$B$304,A18,Serviços!$H$4:$H$304,"Recolha de Imagens") -> 0
A19: ='Capacidade UAS-CUAS'!E20 -> 2150382 | B19: ='Capacidade UAS-CUAS'!F20 -> Pedro Miguel Rodrigues Carrapatoso | C19: ='Capacidade UAS-CUAS'!B20 -> 1.ª Companhia | D19: =COUNTIF(Serviços!$B$4:$B$304,A19) -> 0 | E19: =COUNTIFS(Serviços!$B$4:$B$304,A19,Serviços!$F$4:$F$304,"UAS") -> 0 | F19: =COUNTIFS(Serviços!$B$4:$B$304,A19,Serviços!$F$4:$F$304,"C-UAS") -> 0 | G19: =COUNTIFS(Serviços!$B$4:$B$304,A19,Serviços!$H$4:$H$304,"Reconhecimento") -> 0 | H19: =COUNTIFS(Serviços!$B$4:$B$304,A19,Serviços!$H$4:$H$304,"Exercício") -> 0 | I19: =COUNTIFS(Serviços!$B$4:$B$304,A19,Serviços!$H$4:$H$304,"Apoio a Operação") -> 0 | J19: =COUNTIFS(Serviços!$B$4:$B$304,A19,Serviços!$H$4:$H$304,"Recolha de Imagens") -> 0
A20: ='Capacidade UAS-CUAS'!E21 -> 2210742 | B20: ='Capacidade UAS-CUAS'!F21 -> Leandro Filipe da Cruz Silva | C20: ='Capacidade UAS-CUAS'!B21 -> 1.ª Companhia | D20: =COUNTIF(Serviços!$B$4:$B$304,A20) -> 0 | E20: =COUNTIFS(Serviços!$B$4:$B$304,A20,Serviços!$F$4:$F$304,"UAS") -> 0 | F20: =COUNTIFS(Serviços!$B$4:$B$304,A20,Serviços!$F$4:$F$304,"C-UAS") -> 0 | G20: =COUNTIFS(Serviços!$B$4:$B$304,A20,Serviços!$H$4:$H$304,"Reconhecimento") -> 0 | H20: =COUNTIFS(Serviços!$B$4:$B$304,A20,Serviços!$H$4:$H$304,"Exercício") -> 0 | I20: =COUNTIFS(Serviços!$B$4:$B$304,A20,Serviços!$H$4:$H$304,"Apoio a Operação") -> 0 | J20: =COUNTIFS(Serviços!$B$4:$B$304,A20,Serviços!$H$4:$H$304,"Recolha de Imagens") -> 0
A21: ='Capacidade UAS-CUAS'!E22 -> 2071127 | B21: ='Capacidade UAS-CUAS'!F22 -> Alexandre Dias Ramalheiro | C21: ='Capacidade UAS-CUAS'!B22 -> 1.ª Companhia | D21: =COUNTIF(Serviços!$B$4:$B$304,A21) -> 0 | E21: =COUNTIFS(Serviços!$B$4:$B$304,A21,Serviços!$F$4:$F$304,"UAS") -> 0 | F21: =COUNTIFS(Serviços!$B$4:$B$304,A21,Serviços!$F$4:$F$304,"C-UAS") -> 0 | G21: =COUNTIFS(Serviços!$B$4:$B$304,A21,Serviços!$H$4:$H$304,"Reconhecimento") -> 0 | H21: =COUNTIFS(Serviços!$B$4:$B$304,A21,Serviços!$H$4:$H$304,"Exercício") -> 0 | I21: =COUNTIFS(Serviços!$B$4:$B$304,A21,Serviços!$H$4:$H$304,"Apoio a Operação") -> 0 | J21: =COUNTIFS(Serviços!$B$4:$B$304,A21,Serviços!$H$4:$H$304,"Recolha de Imagens") -> 0
A22: ='Capacidade UAS-CUAS'!E23 -> 2000318 | B22: ='Capacidade UAS-CUAS'!F23 -> Rui Fernando Oliveira Custódio | C22: ='Capacidade UAS-CUAS'!B23 -> 1.ª Companhia | D22: =COUNTIF(Serviços!$B$4:$B$304,A22) -> 0 | E22: =COUNTIFS(Serviços!$B$4:$B$304,A22,Serviços!$F$4:$F$304,"UAS") -> 0 | F22: =COUNTIFS(Serviços!$B$4:$B$304,A22,Serviços!$F$4:$F$304,"C-UAS") -> 0 | G22: =COUNTIFS(Serviços!$B$4:$B$304,A22,Serviços!$H$4:$H$304,"Reconhecimento") -> 0 | H22: =COUNTIFS(Serviços!$B$4:$B$304,A22,Serviços!$H$4:$H$304,"Exercício") -> 0 | I22: =COUNTIFS(Serviços!$B$4:$B$304,A22,Serviços!$H$4:$H$304,"Apoio a Operação") -> 0 | J22: =COUNTIFS(Serviços!$B$4:$B$304,A22,Serviços!$H$4:$H$304,"Recolha de Imagens") -> 0
A23: ='Capacidade UAS-CUAS'!E24 -> 2030636 | B23: ='Capacidade UAS-CUAS'!F24 -> Francisco João Alves Silvestre | C23: ='Capacidade UAS-CUAS'!B24 -> 1.ª Companhia | D23: =COUNTIF(Serviços!$B$4:$B$304,A23) -> 0 | E23: =COUNTIFS(Serviços!$B$4:$B$304,A23,Serviços!$F$4:$F$304,"UAS") -> 0 | F23: =COUNTIFS(Serviços!$B$4:$B$304,A23,Serviços!$F$4:$F$304,"C-UAS") -> 0 | G23: =COUNTIFS(Serviços!$B$4:$B$304,A23,Serviços!$H$4:$H$304,"Reconhecimento") -> 0 | H23: =COUNTIFS(Serviços!$B$4:$B$304,A23,Serviços!$H$4:$H$304,"Exercício") -> 0 | I23: =COUNTIFS(Serviços!$B$4:$B$304,A23,Serviços!$H$4:$H$304,"Apoio a Operação") -> 0 | J23: =COUNTIFS(Serviços!$B$4:$B$304,A23,Serviços!$H$4:$H$304,"Recolha de Imagens") -> 0
A24: ='Capacidade UAS-CUAS'!E25 -> 2040499 | B24: ='Capacidade UAS-CUAS'!F25 -> Daniel de Almeida Campos Dias | C24: ='Capacidade UAS-CUAS'!B25 -> 1.ª Companhia | D24: =COUNTIF(Serviços!$B$4:$B$304,A24) -> 0 | E24: =COUNTIFS(Serviços!$B$4:$B$304,A24,Serviços!$F$4:$F$304,"UAS") -> 0 | F24: =COUNTIFS(Serviços!$B$4:$B$304,A24,Serviços!$F$4:$F$304,"C-UAS") -> 0 | G24: =COUNTIFS(Serviços!$B$4:$B$304,A24,Serviços!$H$4:$H$304,"Reconhecimento") -> 0 | H24: =COUNTIFS(Serviços!$B$4:$B$304,A24,Serviços!$H$4:$H$304,"Exercício") -> 0 | I24: =COUNTIFS(Serviços!$B$4:$B$304,A24,Serviços!$H$4:$H$304,"Apoio a Operação") -> 0 | J24: =COUNTIFS(Serviços!$B$4:$B$304,A24,Serviços!$H$4:$H$304,"Recolha de Imagens") -> 0
A25: ='Capacidade UAS-CUAS'!E26 -> 2060731 | B25: ='Capacidade UAS-CUAS'!F26 -> André Simões Sabino | C25: ='Capacidade UAS-CUAS'!B26 -> 1.ª Companhia | D25: =COUNTIF(Serviços!$B$4:$B$304,A25) -> 0 | E25: =COUNTIFS(Serviços!$B$4:$B$304,A25,Serviços!$F$4:$F$304,"UAS") -> 0 | F25: =COUNTIFS(Serviços!$B$4:$B$304,A25,Serviços!$F$4:$F$304,"C-UAS") -> 0 | G25: =COUNTIFS(Serviços!$B$4:$B$304,A25,Serviços!$H$4:$H$304,"Reconhecimento") -> 0 | H25: =COUNTIFS(Serviços!$B$4:$B$304,A25,Serviços!$H$4:$H$304,"Exercício") -> 0 | I25: =COUNTIFS(Serviços!$B$4:$B$304,A25,Serviços!$H$4:$H$304,"Apoio a Operação") -> 0 | J25: =COUNTIFS(Serviços!$B$4:$B$304,A25,Serviços!$H$4:$H$304,"Recolha de Imagens") -> 0
A26: ='Capacidade UAS-CUAS'!E27 -> 2071255 | B26: ='Capacidade UAS-CUAS'!F27 -> Marco Paulo Pedro Santos | C26: ='Capacidade UAS-CUAS'!B27 -> 1.ª Companhia | D26: =COUNTIF(Serviços!$B$4:$B$304,A26) -> 0 | E26: =COUNTIFS(Serviços!$B$4:$B$304,A26,Serviços!$F$4:$F$304,"UAS") -> 0 | F26: =COUNTIFS(Serviços!$B$4:$B$304,A26,Serviços!$F$4:$F$304,"C-UAS") -> 0 | G26: =COUNTIFS(Serviços!$B$4:$B$304,A26,Serviços!$H$4:$H$304,"Reconhecimento") -> 0 | H26: =COUNTIFS(Serviços!$B$4:$B$304,A26,Serviços!$H$4:$H$304,"Exercício") -> 0 | I26: =COUNTIFS(Serviços!$B$4:$B$304,A26,Serviços!$H$4:$H$304,"Apoio a Operação") -> 0 | J26: =COUNTIFS(Serviços!$B$4:$B$304,A26,Serviços!$H$4:$H$304,"Recolha de Imagens") -> 0
... A37: ='Capacidade UAS-CUAS'!E38 -> 1990953 | B37: ='Capacidade UAS-CUAS'!F38 -> Orlando Augusto Gil Cosme | C37: ='Capacidade UAS-CUAS'!B38 -> 2.ª Companhia | D37: =COUNTIF(Serviços!$B$4:$B$304,A37) -> 0 | E37: =COUNTIFS(Serviços!$B$4:$B$304,A37,Serviços!$F$4:$F$304,"UAS") -> 0 | F37: =COUNTIFS(Serviços!$B$4:$B$304,A37,Serviços!$F$4:$F$304,"C-UAS") -> 0 | G37: =COUNTIFS(Serviços!$B$4:$B$304,A37,Serviços!$H$4:$H$304,"Reconhecimento") -> 0 | H37: =COUNTIFS(Serviços!$B$4:$B$304,A37,Serviços!$H$4:$H$304,"Exercício") -> 0 | I37: =COUNTIFS(Serviços!$B$4:$B$304,A37,Serviços!$H$4:$H$304,"Apoio a Operação") -> 0 | J37: =COUNTIFS(Serviços!$B$4:$B$304,A37,Serviços!$H$4:$H$304,"Recolha de Imagens") -> 0
A38: ='Capacidade UAS-CUAS'!#REF! -> #REF! | B38: ='Capacidade UAS-CUAS'!#REF! -> #REF! | C38: ='Capacidade UAS-CUAS'!#REF! -> #REF! | D38: =COUNTIF(Serviços!$B$4:$B$304,A38) -> 0 | E38: =COUNTIFS(Serviços!$B$4:$B$304,A38,Serviços!$F$4:$F$304,"UAS") -> 0 | F38: =COUNTIFS(Serviços!$B$4:$B$304,A38,Serviços!$F$4:$F$304,"C-UAS") -> 0 | G38: =COUNTIFS(Serviços!$B$4:$B$304,A38,Serviços!$H$4:$H$304,"Reconhecimento") -> 0 | H38: =COUNTIFS(Serviços!$B$4:$B$304,A38,Serviços!$H$4:$H$304,"Exercício") -> 0 | I38: =COUNTIFS(Serviços!$B$4:$B$304,A38,Serviços!$H$4:$H$304,"Apoio a Operação") -> 0 | J38: =COUNTIFS(Serviços!$B$4:$B$304,A38,Serviços!$H$4:$H$304,"Recolha de Imagens") -> 0
A39: ='Capacidade UAS-CUAS'!E39 -> 2060540 | B39: ='Capacidade UAS-CUAS'!F39 -> Alexandre Filipe Correia Tomázio | C39: ='Capacidade UAS-CUAS'!B39 -> 2.ª Companhia | D39: =COUNTIF(Serviços!$B$4:$B$304,A39) -> 0 | E39: =COUNTIFS(Serviços!$B$4:$B$304,A39,Serviços!$F$4:$F$304,"UAS") -> 0 | F39: =COUNTIFS(Serviços!$B$4:$B$304,A39,Serviços!$F$4:$F$304,"C-UAS") -> 0 | G39: =COUNTIFS(Serviços!$B$4:$B$304,A39,Serviços!$H$4:$H$304,"Reconhecimento") -> 0 | H39: =COUNTIFS(Serviços!$B$4:$B$304,A39,Serviços!$H$4:$H$304,"Exercício") -> 0 | I39: =COUNTIFS(Serviços!$B$4:$B$304,A39,Serviços!$H$4:$H$304,"Apoio a Operação") -> 0 | J39: =COUNTIFS(Serviços!$B$4:$B$304,A39,Serviços!$H$4:$H$304,"Recolha de Imagens") -> 0
A40: ='Capacidade UAS-CUAS'!E41 -> 2150448 | B40: ='Capacidade UAS-CUAS'!F41 -> João Maria Domingos Henriques | C40: ='Capacidade UAS-CUAS'!B41 -> 2.ª Companhia | D40: =COUNTIF(Serviços!$B$4:$B$304,A40) -> 0 | E40: =COUNTIFS(Serviços!$B$4:$B$304,A40,Serviços!$F$4:$F$304,"UAS") -> 0 | F40: =COUNTIFS(Serviços!$B$4:$B$304,A40,Serviços!$F$4:$F$304,"C-UAS") -> 0 | G40: =COUNTIFS(Serviços!$B$4:$B$304,A40,Serviços!$H$4:$H$304,"Reconhecimento") -> 0 | H40: =COUNTIFS(Serviços!$B$4:$B$304,A40,Serviços!$H$4:$H$304,"Exercício") -> 0 | I40: =COUNTIFS(Serviços!$B$4:$B$304,A40,Serviços!$H$4:$H$304,"Apoio a Operação") -> 0 | J40: =COUNTIFS(Serviços!$B$4:$B$304,A40,Serviços!$H$4:$H$304,"Recolha de Imagens") -> 0
A41: ='Capacidade UAS-CUAS'!E42 -> 1991035 | B41: ='Capacidade UAS-CUAS'!F42 -> Bruno Miguel Lameiras Patrocínio | C41: ='Capacidade UAS-CUAS'!B42 -> 2.ª Companhia | D41: =COUNTIF(Serviços!$B$4:$B$304,A41) -> 0 | E41: =COUNTIFS(Serviços!$B$4:$B$304,A41,Serviços!$F$4:$F$304,"UAS") -> 0 | F41: =COUNTIFS(Serviços!$B$4:$B$304,A41,Serviços!$F$4:$F$304,"C-UAS") -> 0 | G41: =COUNTIFS(Serviços!$B$4:$B$304,A41,Serviços!$H$4:$H$304,"Reconhecimento") -> 0 | H41: =COUNTIFS(Serviços!$B$4:$B$304,A41,Serviços!$H$4:$H$304,"Exercício") -> 0 | I41: =COUNTIFS(Serviços!$B$4:$B$304,A41,Serviços!$H$4:$H$304,"Apoio a Operação") -> 0 | J41: =COUNTIFS(Serviços!$B$4:$B$304,A41,Serviços!$H$4:$H$304,"Recolha de Imagens") -> 0
A42: ='Capacidade UAS-CUAS'!E43 -> 2070759 | B42: ='Capacidade UAS-CUAS'!F43 -> David Filipe Monteiro Pereira | C42: ='Capacidade UAS-CUAS'!B43 -> 2.ª Companhia | D42: =COUNTIF(Serviços!$B$4:$B$304,A42) -> 0 | E42: =COUNTIFS(Serviços!$B$4:$B$304,A42,Serviços!$F$4:$F$304,"UAS") -> 0 | F42: =COUNTIFS(Serviços!$B$4:$B$304,A42,Serviços!$F$4:$F$304,"C-UAS") -> 0 | G42: =COUNTIFS(Serviços!$B$4:$B$304,A42,Serviços!$H$4:$H$304,"Reconhecimento") -> 0 | H42: =COUNTIFS(Serviços!$B$4:$B$304,A42,Serviços!$H$4:$H$304,"Exercício") -> 0 | I42: =COUNTIFS(Serviços!$B$4:$B$304,A42,Serviços!$H$4:$H$304,"Apoio a Operação") -> 0 | J42: =COUNTIFS(Serviços!$B$4:$B$304,A42,Serviços!$H$4:$H$304,"Recolha de Imagens") -> 0
A43: ='Capacidade UAS-CUAS'!E44 -> 2070922 | B43: ='Capacidade UAS-CUAS'!F44 -> Nuno Pedro Rolo Correia Veloso | C43: ='Capacidade UAS-CUAS'!B44 -> 2.ª Companhia | D43: =COUNTIF(Serviços!$B$4:$B$304,A43) -> 1 | E43: =COUNTIFS(Serviços!$B$4:$B$304,A43,Serviços!$F$4:$F$304,"UAS") -> 1 | F43: =COUNTIFS(Serviços!$B$4:$B$304,A43,Serviços!$F$4:$F$304,"C-UAS") -> 0 | G43: =COUNTIFS(Serviços!$B$4:$B$304,A43,Serviços!$H$4:$H$304,"Reconhecimento") -> 1 | H43: =COUNTIFS(Serviços!$B$4:$B$304,A43,Serviços!$H$4:$H$304,"Exercício") -> 0 | I43: =COUNTIFS(Serviços!$B$4:$B$304,A43,Serviços!$H$4:$H$304,"Apoio a Operação") -> 0 | J43: =COUNTIFS(Serviços!$B$4:$B$304,A43,Serviços!$H$4:$H$304,"Recolha de Imagens") -> 0
A44: ='Capacidade UAS-CUAS'!E45 -> 2070960 | B44: ='Capacidade UAS-CUAS'!F45 -> Nuno Duarte Beira Pires Pereira | C44: ='Capacidade UAS-CUAS'!B45 -> 2.ª Companhia | D44: =COUNTIF(Serviços!$B$4:$B$304,A44) -> 0 | E44: =COUNTIFS(Serviços!$B$4:$B$304,A44,Serviços!$F$4:$F$304,"UAS") -> 0 | F44: =COUNTIFS(Serviços!$B$4:$B$304,A44,Serviços!$F$4:$F$304,"C-UAS") -> 0 | G44: =COUNTIFS(Serviços!$B$4:$B$304,A44,Serviços!$H$4:$H$304,"Reconhecimento") -> 0 | H44: =COUNTIFS(Serviços!$B$4:$B$304,A44,Serviços!$H$4:$H$304,"Exercício") -> 0 | I44: =COUNTIFS(Serviços!$B$4:$B$304,A44,Serviços!$H$4:$H$304,"Apoio a Operação") -> 0 | J44: =COUNTIFS(Serviços!$B$4:$B$304,A44,Serviços!$H$4:$H$304,"Recolha de Imagens") -> 0
A45: ='Capacidade UAS-CUAS'!E46 -> 2120476 | B45: ='Capacidade UAS-CUAS'!F46 -> Tiago Realinho da Costa | C45: ='Capacidade UAS-CUAS'!B46 -> 2.ª Companhia | D45: =COUNTIF(Serviços!$B$4:$B$304,A45) -> 0 | E45: =COUNTIFS(Serviços!$B$4:$B$304,A45,Serviços!$F$4:$F$304,"UAS") -> 0 | F45: =COUNTIFS(Serviços!$B$4:$B$304,A45,Serviços!$F$4:$F$304,"C-UAS") -> 0 | G45: =COUNTIFS(Serviços!$B$4:$B$304,A45,Serviços!$H$4:$H$304,"Reconhecimento") -> 0 | H45: =COUNTIFS(Serviços!$B$4:$B$304,A45,Serviços!$H$4:$H$304,"Exercício") -> 0 | I45: =COUNTIFS(Serviços!$B$4:$B$304,A45,Serviços!$H$4:$H$304,"Apoio a Operação") -> 0 | J45: =COUNTIFS(Serviços!$B$4:$B$304,A45,Serviços!$H$4:$H$304,"Recolha de Imagens") -> 0
A46: ='Capacidade UAS-CUAS'!E47 -> 2220821 | B46: ='Capacidade UAS-CUAS'!F47 -> João Carlos Pereira Nunes | C46: ='Capacidade UAS-CUAS'!B47 -> 2.ª Companhia | D46: =COUNTIF(Serviços!$B$4:$B$304,A46) -> 0 | E46: =COUNTIFS(Serviços!$B$4:$B$304,A46,Serviços!$F$4:$F$304,"UAS") -> 0 | F46: =COUNTIFS(Serviços!$B$4:$B$304,A46,Serviços!$F$4:$F$304,"C-UAS") -> 0 | G46: =COUNTIFS(Serviços!$B$4:$B$304,A46,Serviços!$H$4:$H$304,"Reconhecimento") -> 0 | H46: =COUNTIFS(Serviços!$B$4:$B$304,A46,Serviços!$H$4:$H$304,"Exercício") -> 0 | I46: =COUNTIFS(Serviços!$B$4:$B$304,A46,Serviços!$H$4:$H$304,"Apoio a Operação") -> 0 | J46: =COUNTIFS(Serviços!$B$4:$B$304,A46,Serviços!$H$4:$H$304,"Recolha de Imagens") -> 0
A47: ='Capacidade UAS-CUAS'!E48 -> 2090305 | B47: ='Capacidade UAS-CUAS'!F48 -> Fabio Emanuel Marques Antunes | C47: ='Capacidade UAS-CUAS'!B48 -> 2.ª Companhia | D47: =COUNTIF(Serviços!$B$4:$B$304,A47) -> 0 | E47: =COUNTIFS(Serviços!$B$4:$B$304,A47,Serviços!$F$4:$F$304,"UAS") -> 0 | F47: =COUNTIFS(Serviços!$B$4:$B$304,A47,Serviços!$F$4:$F$304,"C-UAS") -> 0 | G47: =COUNTIFS(Serviços!$B$4:$B$304,A47,Serviços!$H$4:$H$304,"Reconhecimento") -> 0 | H47: =COUNTIFS(Serviços!$B$4:$B$304,A47,Serviços!$H$4:$H$304,"Exercício") -> 0 | I47: =COUNTIFS(Serviços!$B$4:$B$304,A47,Serviços!$H$4:$H$304,"Apoio a Operação") -> 0 | J47: =COUNTIFS(Serviços!$B$4:$B$304,A47,Serviços!$H$4:$H$304,"Recolha de Imagens") -> 0
A48: ='Capacidade UAS-CUAS'!E49 -> 1970446 | B48: ='Capacidade UAS-CUAS'!F49 -> Paulo Jorge dos Santos Coelho | C48: ='Capacidade UAS-CUAS'!B49 -> 2.ª Companhia | D48: =COUNTIF(Serviços!$B$4:$B$304,A48) -> 0 | E48: =COUNTIFS(Serviços!$B$4:$B$304,A48,Serviços!$F$4:$F$304,"UAS") -> 0 | F48: =COUNTIFS(Serviços!$B$4:$B$304,A48,Serviços!$F$4:$F$304,"C-UAS") -> 0 | G48: =COUNTIFS(Serviços!$B$4:$B$304,A48,Serviços!$H$4:$H$304,"Reconhecimento") -> 0 | H48: =COUNTIFS(Serviços!$B$4:$B$304,A48,Serviços!$H$4:$H$304,"Exercício") -> 0 | I48: =COUNTIFS(Serviços!$B$4:$B$304,A48,Serviços!$H$4:$H$304,"Apoio a Operação") -> 0 | J48: =COUNTIFS(Serviços!$B$4:$B$304,A48,Serviços!$H$4:$H$304,"Recolha de Imagens") -> 0
A49: ='Capacidade UAS-CUAS'!E50 -> 1990783 | B49: ='Capacidade UAS-CUAS'!F50 -> Luís Filipe Sequeira Batista Pombo | C49: ='Capacidade UAS-CUAS'!B50 -> 2.ª Companhia | D49: =COUNTIF(Serviços!$B$4:$B$304,A49) -> 0 | E49: =COUNTIFS(Serviços!$B$4:$B$304,A49,Serviços!$F$4:$F$304,"UAS") -> 0 | F49: =COUNTIFS(Serviços!$B$4:$B$304,A49,Serviços!$F$4:$F$304,"C-UAS") -> 0 | G49: =COUNTIFS(Serviços!$B$4:$B$304,A49,Serviços!$H$4:$H$304,"Reconhecimento") -> 0 | H49: =COUNTIFS(Serviços!$B$4:$B$304,A49,Serviços!$H$4:$H$304,"Exercício") -> 0 | I49: =COUNTIFS(Serviços!$B$4:$B$304,A49,Serviços!$H$4:$H$304,"Apoio a Operação") -> 0 | J49: =COUNTIFS(Serviços!$B$4:$B$304,A49,Serviços!$H$4:$H$304,"Recolha de Imagens") -> 0
A50: ='Capacidade UAS-CUAS'!E51 -> 2010584 | B50: ='Capacidade UAS-CUAS'!F51 -> Alberto Pinto de Andrade | C50: ='Capacidade UAS-CUAS'!B51 -> 2.ª Companhia | D50: =COUNTIF(Serviços!$B$4:$B$304,A50) -> 0 | E50: =COUNTIFS(Serviços!$B$4:$B$304,A50,Serviços!$F$4:$F$304,"UAS") -> 0 | F50: =COUNTIFS(Serviços!$B$4:$B$304,A50,Serviços!$F$4:$F$304,"C-UAS") -> 0 | G50: =COUNTIFS(Serviços!$B$4:$B$304,A50,Serviços!$H$4:$H$304,"Reconhecimento") -> 0 | H50: =COUNTIFS(Serviços!$B$4:$B$304,A50,Serviços!$H$4:$H$304,"Exercício") -> 0 | I50: =COUNTIFS(Serviços!$B$4:$B$304,A50,Serviços!$H$4:$H$304,"Apoio a Operação") -> 0 | J50: =COUNTIFS(Serviços!$B$4:$B$304,A50,Serviços!$H$4:$H$304,"Recolha de Imagens") -> 0
A51: ='Capacidade UAS-CUAS'!E52 -> 2040406 | B51: ='Capacidade UAS-CUAS'!F52 -> José Alfredo Trigo Lorga | C51: ='Capacidade UAS-CUAS'!B52 -> 2.ª Companhia | D51: =COUNTIF(Serviços!$B$4:$B$304,A51) -> 0 | E51: =COUNTIFS(Serviços!$B$4:$B$304,A51,Serviços!$F$4:$F$304,"UAS") -> 0 | F51: =COUNTIFS(Serviços!$B$4:$B$304,A51,Serviços!$F$4:$F$304,"C-UAS") -> 0 | G51: =COUNTIFS(Serviços!$B$4:$B$304,A51,Serviços!$H$4:$H$304,"Reconhecimento") -> 0 | H51: =COUNTIFS(Serviços!$B$4:$B$304,A51,Serviços!$H$4:$H$304,"Exercício") -> 0 | I51: =COUNTIFS(Serviços!$B$4:$B$304,A51,Serviços!$H$4:$H$304,"Apoio a Operação") -> 0 | J51: =COUNTIFS(Serviços!$B$4:$B$304,A51,Serviços!$H$4:$H$304,"Recolha de Imagens") -> 0
... A80: ='Capacidade UAS-CUAS'!E81 -> 2010480 | B80: ='Capacidade UAS-CUAS'!F81 -> Pedro Miguel Sousa Lopes | C80: ='Capacidade UAS-CUAS'!B81 -> 4.ª Companhia | D80: =COUNTIF(Serviços!$B$4:$B$304,A80) -> 0 | E80: =COUNTIFS(Serviços!$B$4:$B$304,A80,Serviços!$F$4:$F$304,"UAS") -> 0 | F80: =COUNTIFS(Serviços!$B$4:$B$304,A80,Serviços!$F$4:$F$304,"C-UAS") -> 0 | G80: =COUNTIFS(Serviços!$B$4:$B$304,A80,Serviços!$H$4:$H$304,"Reconhecimento") -> 0 | H80: =COUNTIFS(Serviços!$B$4:$B$304,A80,Serviços!$H$4:$H$304,"Exercício") -> 0 | I80: =COUNTIFS(Serviços!$B$4:$B$304,A80,Serviços!$H$4:$H$304,"Apoio a Operação") -> 0 | J80: =COUNTIFS(Serviços!$B$4:$B$304,A80,Serviços!$H$4:$H$304,"Recolha de Imagens") -> 0
A83: RESUMO GERAL
A84: Total de serviços registados | B84: =COUNTA(Serviços!$B$8:$B$304) -> 22
A85: Serviços UAS | B85: =COUNTIF(Serviços!$F$8:$F$304,"UAS") -> 15
A86: Serviços C-UAS | B86: =COUNTIF(Serviços!$F$8:$F$304,"C-UAS") -> 7
A87: Reconhecimento | B87: =COUNTIF(Serviços!$H$8:$H$304,"Reconhecimento") -> 6
A88: Exercício | B88: =COUNTIF(Serviços!$H$8:$H$304,"Exercício") -> 6
A89: Apoio a Operação | B89: =COUNTIF(Serviços!$H$8:$H$304,"Apoio a Operação") -> 4
A90: Recolha de Imagens | B90: =COUNTIF(Serviços!$H$8:$H$304,"Recolha de Imagens") -> 6

Sheet Nomeação UAS-CUAS
A1: GRUPO DE INTERVENÇÃO DE ORDEM PÚBLICA — NOMEAÇÃO AUTOMÁTICA UAS / C-UAS
A2: Introduza a data pretendida na célula azul (B4). A lista é gerada automaticamente: primeiro os militares disponíveis, depois os indisponíveis (a vermelho), cruzando a escala de pelotões com os serviços já marcados.
A3: Data da nomeação: | B3: 46262 | C3: clicar duas vez e escolher no calendário data pretendida(não escrever data) | E3: Disponíveis: | F3: =COUNTIF($T$8:$T$83,TRUE()) -> 19 | G3: Indisponíveis: | H3: =COUNTIF($T$8:$T$83,FALSE()) -> 57
A6: Disponível | B6: Indisponível (folga/PV/CAR/serviço fora/serviço já marcado)
A7: NM | B7: Nome completo | C7: Posto | D7: Subunidade | E7: Pelotão | F7: Situação do dia | G7: Disponível | H7: Motivo | K7: NM | L7: Nome completo | M7: Posto | N7: Subunidade | O7: Pelotão | P7: PelotaoKey | Q7: CodigoDia | R7: CodigoDisponivel | S7: ServicoJaMarcado | T7: Disponivel | U7: GroupKey | V7: RowNum | W7: SortRank | X7: Motivo | Y7: CodeNumber
A8: =INDEX($K$8:$K$4133,MATCH(ROW()-7,$W$8:$W$4133,0)) -> 2020825 | B8: =INDEX($L$8:$L$4133,MATCH(ROW()-7,$W$8:$W$4133,0)) -> António João Carlos e Granja | C8: =INDEX($M$8:$M$4133,MATCH(ROW()-7,$W$8:$W$4133,0)) -> Cabo | D8: =INDEX($N$8:$N$4133,MATCH(ROW()-7,$W$8:$W$4133,0)) -> Secretaria GIOP | E8: =INDEX($O$8:$O$4133,MATCH(ROW()-7,$W$8:$W$4133,0)) -> — | F8: =INDEX($Q$8:$Q$4133,MATCH(ROW()-7,$W$8:$W$4133,0)) | G8: =IF(INDEX($T$8:$T$4133,MATCH(ROW()-7,$W$8:$W$4133,0)),"SIM","NÃO") -> SIM | H8: =INDEX($X$8:$X$4133,MATCH(ROW()-7,$W$8:$W$4133,0)) -> Não pertence a companhia operacional — disponível por defeito | K8: ='[1]Capacidade UAS-CUAS'!E4 -> 2140038 | L8: ='[1]Capacidade UAS-CUAS'!F4 -> Luis Manuel Maceiro Cantante | M8: ='[1]Capacidade UAS-CUAS'!D4 -> Tenente | N8: ='[1]Capacidade UAS-CUAS'!B4 -> Comando / SOI | O8: ='[1]Capacidade UAS-CUAS'!C4 -> — | P8: =IF(O8="—","",LEFT(O8,FIND(".",O8)-1)&"º") | Q8: =IF(P8="","",IFERROR(INDEX(EscalaPelotoes!$B$3:$N$4481,MATCH($B$3,EscalaPelotoes!$A$3:$A$4481,0),MATCH(P8,EscalaPelotoes!$B$2:$N$2,0)),"")) | R8: =IF(O8="—",TRUE(),IF(Q8="",FALSE(),AND(LEFT(Q8,1)="P",ISNUMBER(VALUE(MID(Q8,2,LEN(Q8)-1)))))) -> TRUE | S8: =IF(O8="—",FALSE(),SUMPRODUCT(--(TEXT([1]Serviços!$B$4:$B$400,"0")=TEXT(K8,"0")),--([1]Serviços!$A$4:$A$400=$B$3))>0) -> FALSE | T8: =IF(O8="—",TRUE(),AND(R8,NOT(S8))) -> TRUE | U8: =IF(O8="—",0,IF(T8,1,2)) -> 0 | V8: =ROW() -> 8 | W8: =COUNTIFS($U$8:$U$83,"<"&U8)+COUNTIFS($U$8:$U$83,U8,$Y$8:$Y$83,">"&Y8)+COUNTIFS($U$8:$U$83,U8,$Y$8:$Y$83,Y8,$L$8:$L$83,"<"&L8)+COUNTIFS($U$8:$U$83,U8,$Y$8:$Y$83,Y8,$L$8:$L$83,L8,$V$8:$V$83,"<"&V8)+1 -> 7 | X8: =IF(O8="—","Não pertence a companhia operacional — disponível por defeito",IF(Q8="","Sem dados de escala para esta data",IF(S8,"Já tem serviço UAS/C-UAS marcado neste dia",IF(T8,"Escala do pelotão: "&Q8&" (disponível)","Escala do pelotão: "&Q8&" (indisponível)")))) -> Não pertence a companhia operacional — disponível por defeito | Y8: =IF(O8="—",0,IFERROR(VALUE(MID(Q8,2,1)),0)) -> 0
A9: =INDEX($K$8:$K$4133,MATCH(ROW()-7,$W$8:$W$4133,0)) -> 2030644 | B9: =INDEX($L$8:$L$4133,MATCH(ROW()-7,$W$8:$W$4133,0)) -> Bruno Miguel Correia Pimenta | C9: =INDEX($M$8:$M$4133,MATCH(ROW()-7,$W$8:$W$4133,0)) -> Cabo | D9: =INDEX($N$8:$N$4133,MATCH(ROW()-7,$W$8:$W$4133,0)) -> SOI | E9: =INDEX($O$8:$O$4133,MATCH(ROW()-7,$W$8:$W$4133,0)) -> — | F9: =INDEX($Q$8:$Q$4133,MATCH(ROW()-7,$W$8:$W$4133,0)) | G9: =IF(INDEX($T$8:$T$4133,MATCH(ROW()-7,$W$8:$W$4133,0)),"SIM","NÃO") -> SIM | H9: =INDEX($X$8:$X$4133,MATCH(ROW()-7,$W$8:$W$4133,0)) -> Não pertence a companhia operacional — disponível por defeito | K9: ='[1]Capacidade UAS-CUAS'!E5 -> 2020825 | L9: ='[1]Capacidade UAS-CUAS'!F5 -> António João Carlos e Granja | M9: ='[1]Capacidade UAS-CUAS'!D5 -> Cabo | N9: ='[1]Capacidade UAS-CUAS'!B5 -> Secretaria GIOP | O9: ='[1]Capacidade UAS-CUAS'!C5 -> — | P9: =IF(O9="—","",LEFT(O9,FIND(".",O9)-1)&"º") | Q9: =IF(P9="","",IFERROR(INDEX(EscalaPelotoes!$B$3:$N$4481,MATCH($B$3,EscalaPelotoes!$A$3:$A$4481,0),MATCH(P9,EscalaPelotoes!$B$2:$N$2,0)),"")) | R9: =IF(O9="—",TRUE(),IF(Q9="",FALSE(),AND(LEFT(Q9,1)="P",ISNUMBER(VALUE(MID(Q9,2,LEN(Q9)-1)))))) -> TRUE | S9: =IF(O9="—",FALSE(),SUMPRODUCT(--(TEXT([1]Serviços!$B$4:$B$400,"0")=TEXT(K9,"0")),--([1]Serviços!$A$4:$A$400=$B$3))>0) -> FALSE | T9: =IF(O9="—",TRUE(),AND(R9,NOT(S9))) -> TRUE | U9: =IF(O9="—",0,IF(T9,1,2)) -> 0 | V9: =ROW() -> 9 | W9: =COUNTIFS($U$8:$U$83,"<"&U9)+COUNTIFS($U$8:$U$83,U9,$Y$8:$Y$83,">"&Y9)+COUNTIFS($U$8:$U$83,U9,$Y$8:$Y$83,Y9,$L$8:$L$83,"<"&L9)+COUNTIFS($U$8:$U$83,U9,$Y$8:$Y$83,Y9,$L$8:$L$83,L9,$V$8:$V$83,"<"&V9)+1 -> 1 | X9: =IF(O9="—","Não pertence a companhia operacional — disponível por defeito",IF(Q9="","Sem dados de escala para esta data",IF(S9,"Já tem serviço UAS/C-UAS marcado neste dia",IF(T9,"Escala do pelotão: "&Q9&" (disponível)","Escala do pelotão: "&Q9&" (indisponível)")))) -> Não pertence a companhia operacional — disponível por defeito | Y9: =IF(O9="—",0,IFERROR(VALUE(MID(Q9,2,1)),0)) -> 0
A10: =INDEX($K$8:$K$4133,MATCH(ROW()-7,$W$8:$W$4133,0)) -> 2040185 | B10: =INDEX($L$8:$L$4133,MATCH(ROW()-7,$W$8:$W$4133,0)) -> Carlos Manuel Jorge dos Santos | C10: =INDEX($M$8:$M$4133,MATCH(ROW()-7,$W$8:$W$4133,0)) -> Cabo | D10: =INDEX($N$8:$N$4133,MATCH(ROW()-7,$W$8:$W$4133,0)) -> SOI | E10: =INDEX($O$8:$O$4133,MATCH(ROW()-7,$W$8:$W$4133,0)) -> — | F10: =INDEX($Q$8:$Q$4133,MATCH(ROW()-7,$W$8:$W$4133,0)) | G10: =IF(INDEX($T$8:$T$4133,MATCH(ROW()-7,$W$8:$W$4133,0)),"SIM","NÃO") -> SIM | H10: =INDEX($X$8:$X$4133,MATCH(ROW()-7,$W$8:$W$4133,0)) -> Não pertence a companhia operacional — disponível por defeito | K10: ='[1]Capacidade UAS-CUAS'!E6 -> 1970024 | L10: ='[1]Capacidade UAS-CUAS'!F6 -> Manuel António Gonçalves Cordeiro | M10: ='[1]Capacidade UAS-CUAS'!D6 -> Sarg. Ch | N10: ='[1]Capacidade UAS-CUAS'!B6 -> SOI | O10: ='[1]Capacidade UAS-CUAS'!C6 -> — | P10: =IF(O10="—","",LEFT(O10,FIND(".",O10)-1)&"º") | Q10: =IF(P10="","",IFERROR(INDEX(EscalaPelotoes!$B$3:$N$4481,MATCH($B$3,EscalaPelotoes!$A$3:$A$4481,0),MATCH(P10,EscalaPelotoes!$B$2:$N$2,0)),"")) | R10: =IF(O10="—",TRUE(),IF(Q10="",FALSE(),AND(LEFT(Q10,1)="P",ISNUMBER(VALUE(MID(Q10,2,LEN(Q10)-1)))))) -> TRUE | S10: =IF(O10="—",FALSE(),SUMPRODUCT(--(TEXT([1]Serviços!$B$4:$B$400,"0")=TEXT(K10,"0")),--([1]Serviços!$A$4:$A$400=$B$3))>0) -> FALSE | T10: =IF(O10="—",TRUE(),AND(R10,NOT(S10))) -> TRUE | U10: =IF(O10="—",0,IF(T10,1,2)) -> 0 | V10: =ROW() -> 10 | W10: =COUNTIFS($U$8:$U$83,"<"&U10)+COUNTIFS($U$8:$U$83,U10,$Y$8:$Y$83,">"&Y10)+COUNTIFS($U$8:$U$83,U10,$Y$8:$Y$83,Y10,$L$8:$L$83,"<"&L10)+COUNTIFS($U$8:$U$83,U10,$Y$8:$Y$83,Y10,$L$8:$L$83,L10,$V$8:$V$83,"<"&V10)+1 -> 8 | X10: =IF(O10="—","Não pertence a companhia operacional — disponível por defeito",IF(Q10="","Sem dados de escala para esta data",IF(S10,"Já tem serviço UAS/C-UAS marcado neste dia",IF(T10,"Escala do pelotão: "&Q10&" (disponível)","Escala do pelotão: "&Q10&" (indisponível)")))) -> Não pertence a companhia operacional — disponível por defeito | Y10: =IF(O10="—",0,IFERROR(VALUE(MID(Q10,2,1)),0)) -> 0
A11: =INDEX($K$8:$K$4133,MATCH(ROW()-7,$W$8:$W$4133,0)) -> 2030052 | B11: =INDEX($L$8:$L$4133,MATCH(ROW()-7,$W$8:$W$4133,0)) -> Filipe Jorge dos Santos Silva | C11: =INDEX($M$8:$M$4133,MATCH(ROW()-7,$W$8:$W$4133,0)) -> Cabo | D11: =INDEX($N$8:$N$4133,MATCH(ROW()-7,$W$8:$W$4133,0)) -> SOI | E11: =INDEX($O$8:$O$4133,MATCH(ROW()-7,$W$8:$W$4133,0)) -> — | F11: =INDEX($Q$8:$Q$4133,MATCH(ROW()-7,$W$8:$W$4133,0)) | G11: =IF(INDEX($T$8:$T$4133,MATCH(ROW()-7,$W$8:$W$4133,0)),"SIM","NÃO") -> SIM | H11: =INDEX($X$8:$X$4133,MATCH(ROW()-7,$W$8:$W$4133,0)) -> Não pertence a companhia operacional — disponível por defeito | K11: ='[1]Capacidade UAS-CUAS'!E7 -> 2031108 | L11: ='[1]Capacidade UAS-CUAS'!F7 -> Hélder Simão Nunes | M11: ='[1]Capacidade UAS-CUAS'!D7 -> 1º Sarg. | N11: ='[1]Capacidade UAS-CUAS'!B7 -> SOI | O11: ='[1]Capacidade UAS-CUAS'!C7 -> — | P11: =IF(O11="—","",LEFT(O11,FIND(".",O11)-1)&"º") | Q11: =IF(P11="","",IFERROR(INDEX(EscalaPelotoes!$B$3:$N$4481,MATCH($B$3,EscalaPelotoes!$A$3:$A$4481,0),MATCH(P11,EscalaPelotoes!$B$2:$N$2,0)),"")) | R11: =IF(O11="—",TRUE(),IF(Q11="",FALSE(),AND(LEFT(Q11,1)="P",ISNUMBER(VALUE(MID(Q11,2,LEN(Q11)-1)))))) -> TRUE | S11: =IF(O11="—",FALSE(),SUMPRODUCT(--(TEXT([1]Serviços!$B$4:$B$400,"0")=TEXT(K11,"0")),--([1]Serviços!$A$4:$A$400=$B$3))>0) -> FALSE | T11: =IF(O11="—",TRUE(),AND(R11,NOT(S11))) -> TRUE | U11: =IF(O11="—",0,IF(T11,1,2)) -> 0 | V11: =ROW() -> 11 | W11: =COUNTIFS($U$8:$U$83,"<"&U11)+COUNTIFS($U$8:$U$83,U11,$Y$8:$Y$83,">"&Y11)+COUNTIFS($U$8:$U$83,U11,$Y$8:$Y$83,Y11,$L$8:$L$83,"<"&L11)+COUNTIFS($U$8:$U$83,U11,$Y$8:$Y$83,Y11,$L$8:$L$83,L11,$V$8:$V$83,"<"&V11)+1 -> 5 | X11: =IF(O11="—","Não pertence a companhia operacional — disponível por defeito",IF(Q11="","Sem dados de escala para esta data",IF(S11,"Já tem serviço UAS/C-UAS marcado neste dia",IF(T11,"Escala do pelotão: "&Q11&" (disponível)","Escala do pelotão: "&Q11&" (indisponível)")))) -> Não pertence a companhia operacional — disponível por defeito | Y11: =IF(O11="—",0,IFERROR(VALUE(MID(Q11,2,1)),0)) -> 0
A12: =INDEX($K$8:$K$4133,MATCH(ROW()-7,$W$8:$W$4133,0)) -> 2031108 | B12: =INDEX($L$8:$L$4133,MATCH(ROW()-7,$W$8:$W$4133,0)) -> Hélder Simão Nunes | C12: =INDEX($M$8:$M$4133,MATCH(ROW()-7,$W$8:$W$4133,0)) -> 1º Sarg. | D12: =INDEX($N$8:$N$4133,MATCH(ROW()-7,$W$8:$W$4133,0)) -> SOI | E12: =INDEX($O$8:$O$4133,MATCH(ROW()-7,$W$8:$W$4133,0)) -> — | F12: =INDEX($Q$8:$Q$4133,MATCH(ROW()-7,$W$8:$W$4133,0)) | G12: =IF(INDEX($T$8:$T$4133,MATCH(ROW()-7,$W$8:$W$4133,0)),"SIM","NÃO") -> SIM | H12: =INDEX($X$8:$X$4133,MATCH(ROW()-7,$W$8:$W$4133,0)) -> Não pertence a companhia operacional — disponível por defeito | K12: ='[1]Capacidade UAS-CUAS'!E8 -> 2030883 | L12: ='[1]Capacidade UAS-CUAS'!F8 -> Paulo Sérgio Pessanha Saraiva Loureiro | M12: ='[1]Capacidade UAS-CUAS'!D8 -> Cabo Ch | N12: ='[1]Capacidade UAS-CUAS'!B8 -> SOI | O12: ='[1]Capacidade UAS-CUAS'!C8 -> — | P12: =IF(O12="—","",LEFT(O12,FIND(".",O12)-1)&"º") | Q12: =IF(P12="","",IFERROR(INDEX(EscalaPelotoes!$B$3:$N$4481,MATCH($B$3,EscalaPelotoes!$A$3:$A$4481,0),MATCH(P12,EscalaPelotoes!$B$2:$N$2,0)),"")) | R12: =IF(O12="—",TRUE(),IF(Q12="",FALSE(),AND(LEFT(Q12,1)="P",ISNUMBER(VALUE(MID(Q12,2,LEN(Q12)-1)))))) -> TRUE | S12: =IF(O12="—",FALSE(),SUMPRODUCT(--(TEXT([1]Serviços!$B$4:$B$400,"0")=TEXT(K12,"0")),--([1]Serviços!$A$4:$A$400=$B$3))>0) -> FALSE | T12: =IF(O12="—",TRUE(),AND(R12,NOT(S12))) -> TRUE | U12: =IF(O12="—",0,IF(T12,1,2)) -> 0 | V12: =ROW() -> 12 | W12: =COUNTIFS($U$8:$U$83,"<"&U12)+COUNTIFS($U$8:$U$83,U12,$Y$8:$Y$83,">"&Y12)+COUNTIFS($U$8:$U$83,U12,$Y$8:$Y$83,Y12,$L$8:$L$83,"<"&L12)+COUNTIFS($U$8:$U$83,U12,$Y$8:$Y$83,Y12,$L$8:$L$83,L12,$V$8:$V$83,"<"&V12)+1 -> 10 | X12: =IF(O12="—","Não pertence a companhia operacional — disponível por defeito",IF(Q12="","Sem dados de escala para esta data",IF(S12,"Já tem serviço UAS/C-UAS marcado neste dia",IF(T12,"Escala do pelotão: "&Q12&" (disponível)","Escala do pelotão: "&Q12&" (indisponível)")))) -> Não pertence a companhia operacional — disponível por defeito | Y12: =IF(O12="—",0,IFERROR(VALUE(MID(Q12,2,1)),0)) -> 0
A13: =INDEX($K$8:$K$4133,MATCH(ROW()-7,$W$8:$W$4133,0)) -> 2070317 | B13: =INDEX($L$8:$L$4133,MATCH(ROW()-7,$W$8:$W$4133,0)) -> José Carlos Soares Gomes | C13: =INDEX($M$8:$M$4133,MATCH(ROW()-7,$W$8:$W$4133,0)) -> Cabo | D13: =INDEX($N$8:$N$4133,MATCH(ROW()-7,$W$8:$W$4133,0)) -> SOI | E13: =INDEX($O$8:$O$4133,MATCH(ROW()-7,$W$8:$W$4133,0)) -> — | F13: =INDEX($Q$8:$Q$4133,MATCH(ROW()-7,$W$8:$W$4133,0)) | G13: =IF(INDEX($T$8:$T$4133,MATCH(ROW()-7,$W$8:$W$4133,0)),"SIM","NÃO") -> SIM | H13: =INDEX($X$8:$X$4133,MATCH(ROW()-7,$W$8:$W$4133,0)) -> Não pertence a companhia operacional — disponível por defeito | K13: ='[1]Capacidade UAS-CUAS'!E9 -> 2040618 | L13: ='[1]Capacidade UAS-CUAS'!F9 -> Paulo Alexandre Nunes Fernandes Estêvão | M13: ='[1]Capacidade UAS-CUAS'!D9 -> Cabo Ch | N13: ='[1]Capacidade UAS-CUAS'!B9 -> SOI | O13: ='[1]Capacidade UAS-CUAS'!C9 -> — | P13: =IF(O13="—","",LEFT(O13,FIND(".",O13)-1)&"º") | Q13: =IF(P13="","",IFERROR(INDEX(EscalaPelotoes!$B$3:$N$4481,MATCH($B$3,EscalaPelotoes!$A$3:$A$4481,0),MATCH(P13,EscalaPelotoes!$B$2:$N$2,0)),"")) | R13: =IF(O13="—",TRUE(),IF(Q13="",FALSE(),AND(LEFT(Q13,1)="P",ISNUMBER(VALUE(MID(Q13,2,LEN(Q13)-1)))))) -> TRUE | S13: =IF(O13="—",FALSE(),SUMPRODUCT(--(TEXT([1]Serviços!$B$4:$B$400,"0")=TEXT(K13,"0")),--([1]Serviços!$A$4:$A$400=$B$3))>0) -> FALSE | T13: =IF(O13="—",TRUE(),AND(R13,NOT(S13))) -> TRUE | U13: =IF(O13="—",0,IF(T13,1,2)) -> 0 | V13: =ROW() -> 13 | W13: =COUNTIFS($U$8:$U$83,"<"&U13)+COUNTIFS($U$8:$U$83,U13,$Y$8:$Y$83,">"&Y13)+COUNTIFS($U$8:$U$83,U13,$Y$8:$Y$83,Y13,$L$8:$L$83,"<"&L13)+COUNTIFS($U$8:$U$83,U13,$Y$8:$Y$83,Y13,$L$8:$L$83,L13,$V$8:$V$83,"<"&V13)+1 -> 9 | X13: =IF(O13="—","Não pertence a companhia operacional — disponível por defeito",IF(Q13="","Sem dados de escala para esta data",IF(S13,"Já tem serviço UAS/C-UAS marcado neste dia",IF(T13,"Escala do pelotão: "&Q13&" (disponível)","Escala do pelotão: "&Q13&" (indisponível)")))) -> Não pertence a companhia operacional — disponível por defeito | Y13: =IF(O13="—",0,IFERROR(VALUE(MID(Q13,2,1)),0)) -> 0
A14: =INDEX($K$8:$K$4133,MATCH(ROW()-7,$W$8:$W$4133,0)) -> 2140038 | B14: =INDEX($L$8:$L$4133,MATCH(ROW()-7,$W$8:$W$4133,0)) -> Luis Manuel Maceiro Cantante | C14: =INDEX($M$8:$M$4133,MATCH(ROW()-7,$W$8:$W$4133,0)) -> Tenente | D14: =INDEX($N$8:$N$4133,MATCH(ROW()-7,$W$8:$W$4133,0)) -> Comando / SOI | E14: =INDEX($O$8:$O$4133,MATCH(ROW()-7,$W$8:$W$4133,0)) -> — | F14: =INDEX($Q$8:$Q$4133,MATCH(ROW()-7,$W$8:$W$4133,0)) | G14: =IF(INDEX($T$8:$T$4133,MATCH(ROW()-7,$W$8:$W$4133,0)),"SIM","NÃO") -> SIM | H14: =INDEX($X$8:$X$4133,MATCH(ROW()-7,$W$8:$W$4133,0)) -> Não pertence a companhia operacional — disponível por defeito | K14: ='[1]Capacidade UAS-CUAS'!E10 -> 2090487 | L14: ='[1]Capacidade UAS-CUAS'!F10 -> Wilson da Silva Sousa | M14: ='[1]Capacidade UAS-CUAS'!D10 -> Cabo | N14: ='[1]Capacidade UAS-CUAS'!B10 -> SOI | O14: ='[1]Capacidade UAS-CUAS'!C10 -> — | P14: =IF(O14="—","",LEFT(O14,FIND(".",O14)-1)&"º") | Q14: =IF(P14="","",IFERROR(INDEX(EscalaPelotoes!$B$3:$N$4481,MATCH($B$3,EscalaPelotoes!$A$3:$A$4481,0),MATCH(P14,EscalaPelotoes!$B$2:$N$2,0)),"")) | R14: =IF(O14="—",TRUE(),IF(Q14="",FALSE(),AND(LEFT(Q14,1)="P",ISNUMBER(VALUE(MID(Q14,2,LEN(Q14)-1)))))) -> TRUE | S14: =IF(O14="—",FALSE(),SUMPRODUCT(--(TEXT([1]Serviços!$B$4:$B$400,"0")=TEXT(K14,"0")),--([1]Serviços!$A$4:$A$400=$B$3))>0) -> FALSE | T14: =IF(O14="—",TRUE(),AND(R14,NOT(S14))) -> TRUE | U14: =IF(O14="—",0,IF(T14,1,2)) -> 0 | V14: =ROW() -> 14 | W14: =COUNTIFS($U$8:$U$83,"<"&U14)+COUNTIFS($U$8:$U$83,U14,$Y$8:$Y$83,">"&Y14)+COUNTIFS($U$8:$U$83,U14,$Y$8:$Y$83,Y14,$L$8:$L$83,"<"&L14)+COUNTIFS($U$8:$U$83,U14,$Y$8:$Y$83,Y14,$L$8:$L$83,L14,$V$8:$V$83,"<"&V14)+1 -> 11 | X14: =IF(O14="—","Não pertence a companhia operacional — disponível por defeito",IF(Q14="","Sem dados de escala para esta data",IF(S14,"Já tem serviço UAS/C-UAS marcado neste dia",IF(T14,"Escala do pelotão: "&Q14&" (disponível)","Escala do pelotão: "&Q14&" (indisponível)")))) -> Não pertence a companhia operacional — disponível por defeito | Y14: =IF(O14="—",0,IFERROR(VALUE(MID(Q14,2,1)),0)) -> 0
A15: =INDEX($K$8:$K$4133,MATCH(ROW()-7,$W$8:$W$4133,0)) -> 1970024 | B15: =INDEX($L$8:$L$4133,MATCH(ROW()-7,$W$8:$W$4133,0)) -> Manuel António Gonçalves Cordeiro | C15: =INDEX($M$8:$M$4133,MATCH(ROW()-7,$W$8:$W$4133,0)) -> Sarg. Ch | D15: =INDEX($N$8:$N$4133,MATCH(ROW()-7,$W$8:$W$4133,0)) -> SOI | E15: =INDEX($O$8:$O$4133,MATCH(ROW()-7,$W$8:$W$4133,0)) -> — | F15: =INDEX($Q$8:$Q$4133,MATCH(ROW()-7,$W$8:$W$4133,0)) | G15: =IF(INDEX($T$8:$T$4133,MATCH(ROW()-7,$W$8:$W$4133,0)),"SIM","NÃO") -> SIM | H15: =INDEX($X$8:$X$4133,MATCH(ROW()-7,$W$8:$W$4133,0)) -> Não pertence a companhia operacional — disponível por defeito | K15: ='[1]Capacidade UAS-CUAS'!E11 -> 2030644 | L15: ='[1]Capacidade UAS-CUAS'!F11 -> Bruno Miguel Correia Pimenta | M15: ='[1]Capacidade UAS-CUAS'!D11 -> Cabo | N15: ='[1]Capacidade UAS-CUAS'!B11 -> SOI | O15: ='[1]Capacidade UAS-CUAS'!C11 -> — | P15: =IF(O15="—","",LEFT(O15,FIND(".",O15)-1)&"º") | Q15: =IF(P15="","",IFERROR(INDEX(EscalaPelotoes!$B$3:$N$4481,MATCH($B$3,EscalaPelotoes!$A$3:$A$4481,0),MATCH(P15,EscalaPelotoes!$B$2:$N$2,0)),"")) | R15: =IF(O15="—",TRUE(),IF(Q15="",FALSE(),AND(LEFT(Q15,1)="P",ISNUMBER(VALUE(MID(Q15,2,LEN(Q15)-1)))))) -> TRUE | S15: =IF(O15="—",FALSE(),SUMPRODUCT(--(TEXT([1]Serviços!$B$4:$B$400,"0")=TEXT(K15,"0")),--([1]Serviços!$A$4:$A$400=$B$3))>0) -> FALSE | T15: =IF(O15="—",TRUE(),AND(R15,NOT(S15))) -> TRUE | U15: =IF(O15="—",0,IF(T15,1,2)) -> 0 | V15: =ROW() -> 15 | W15: =COUNTIFS($U$8:$U$83,"<"&U15)+COUNTIFS($U$8:$U$83,U15,$Y$8:$Y$83,">"&Y15)+COUNTIFS($U$8:$U$83,U15,$Y$8:$Y$83,Y15,$L$8:$L$83,"<"&L15)+COUNTIFS($U$8:$U$83,U15,$Y$8:$Y$83,Y15,$L$8:$L$83,L15,$V$8:$V$83,"<"&V15)+1 -> 2 | X15: =IF(O15="—","Não pertence a companhia operacional — disponível por defeito",IF(Q15="","Sem dados de escala para esta data",IF(S15,"Já tem serviço UAS/C-UAS marcado neste dia",IF(T15,"Escala do pelotão: "&Q15&" (disponível)","Escala do pelotão: "&Q15&" (indisponível)")))) -> Não pertence a companhia operacional — disponível por defeito | Y15: =IF(O15="—",0,IFERROR(VALUE(MID(Q15,2,1)),0)) -> 0
A16: =INDEX($K$8:$K$4133,MATCH(ROW()-7,$W$8:$W$4133,0)) -> 2040618 | B16: =INDEX($L$8:$L$4133,MATCH(ROW()-7,$W$8:$W$4133,0)) -> Paulo Alexandre Nunes Fernandes Estêvão | C16: =INDEX($M$8:$M$4133,MATCH(ROW()-7,$W$8:$W$4133,0)) -> Cabo Ch | D16: =INDEX($N$8:$N$4133,MATCH(ROW()-7,$W$8:$W$4133,0)) -> SOI | E16: =INDEX($O$8:$O$4133,MATCH(ROW()-7,$W$8:$W$4133,0)) -> — | F16: =INDEX($Q$8:$Q$4133,MATCH(ROW()-7,$W$8:$W$4133,0)) | G16: =IF(INDEX($T$8:$T$4133,MATCH(ROW()-7,$W$8:$W$4133,0)),"SIM","NÃO") -> SIM | H16: =INDEX($X$8:$X$4133,MATCH(ROW()-7,$W$8:$W$4133,0)) -> Não pertence a companhia operacional — disponível por defeito | K16: ='[1]Capacidade UAS-CUAS'!E12 -> 2030052 | L16: ='[1]Capacidade UAS-CUAS'!F12 -> Filipe Jorge dos Santos Silva | M16: ='[1]Capacidade UAS-CUAS'!D12 -> Cabo | N16: ='[1]Capacidade UAS-CUAS'!B12 -> SOI | O16: ='[1]Capacidade UAS-CUAS'!C12 -> — | P16: =IF(O16="—","",LEFT(O16,FIND(".",O16)-1)&"º") | Q16: =IF(P16="","",IFERROR(INDEX(EscalaPelotoes!$B$3:$N$4481,MATCH($B$3,EscalaPelotoes!$A$3:$A$4481,0),MATCH(P16,EscalaPelotoes!$B$2:$N$2,0)),"")) | R16: =IF(O16="—",TRUE(),IF(Q16="",FALSE(),AND(LEFT(Q16,1)="P",ISNUMBER(VALUE(MID(Q16,2,LEN(Q16)-1)))))) -> TRUE | S16: =IF(O16="—",FALSE(),SUMPRODUCT(--(TEXT([1]Serviços!$B$4:$B$400,"0")=TEXT(K16,"0")),--([1]Serviços!$A$4:$A$400=$B$3))>0) -> FALSE | T16: =IF(O16="—",TRUE(),AND(R16,NOT(S16))) -> TRUE | U16: =IF(O16="—",0,IF(T16,1,2)) -> 0 | V16: =ROW() -> 16 | W16: =COUNTIFS($U$8:$U$83,"<"&U16)+COUNTIFS($U$8:$U$83,U16,$Y$8:$Y$83,">"&Y16)+COUNTIFS($U$8:$U$83,U16,$Y$8:$Y$83,Y16,$L$8:$L$83,"<"&L16)+COUNTIFS($U$8:$U$83,U16,$Y$8:$Y$83,Y16,$L$8:$L$83,L16,$V$8:$V$83,"<"&V16)+1 -> 4 | X16: =IF(O16="—","Não pertence a companhia operacional — disponível por defeito",IF(Q16="","Sem dados de escala para esta data",IF(S16,"Já tem serviço UAS/C-UAS marcado neste dia",IF(T16,"Escala do pelotão: "&Q16&" (disponível)","Escala do pelotão: "&Q16&" (indisponível)")))) -> Não pertence a companhia operacional — disponível por defeito | Y16: =IF(O16="—",0,IFERROR(VALUE(MID(Q16,2,1)),0)) -> 0
A17: =INDEX($K$8:$K$4133,MATCH(ROW()-7,$W$8:$W$4133,0)) -> 2030883 | B17: =INDEX($L$8:$L$4133,MATCH(ROW()-7,$W$8:$W$4133,0)) -> Paulo Sérgio Pessanha Saraiva Loureiro | C17: =INDEX($M$8:$M$4133,MATCH(ROW()-7,$W$8:$W$4133,0)) -> Cabo Ch | D17: =INDEX($N$8:$N$4133,MATCH(ROW()-7,$W$8:$W$4133,0)) -> SOI | E17: =INDEX($O$8:$O$4133,MATCH(ROW()-7,$W$8:$W$4133,0)) -> — | F17: =INDEX($Q$8:$Q$4133,MATCH(ROW()-7,$W$8:$W$4133,0)) | G17: =IF(INDEX($T$8:$T$4133,MATCH(ROW()-7,$W$8:$W$4133,0)),"SIM","NÃO") -> SIM | H17: =INDEX($X$8:$X$4133,MATCH(ROW()-7,$W$8:$W$4133,0)) -> Não pertence a companhia operacional — disponível por defeito | K17: ='[1]Capacidade UAS-CUAS'!E13 -> 2040185 | L17: ='[1]Capacidade UAS-CUAS'!F13 -> Carlos Manuel Jorge dos Santos | M17: ='[1]Capacidade UAS-CUAS'!D13 -> Cabo | N17: ='[1]Capacidade UAS-CUAS'!B13 -> SOI | O17: ='[1]Capacidade UAS-CUAS'!C13 -> — | P17: =IF(O17="—","",LEFT(O17,FIND(".",O17)-1)&"º") | Q17: =IF(P17="","",IFERROR(INDEX(EscalaPelotoes!$B$3:$N$4481,MATCH($B$3,EscalaPelotoes!$A$3:$A$4481,0),MATCH(P17,EscalaPelotoes!$B$2:$N$2,0)),"")) | R17: =IF(O17="—",TRUE(),IF(Q17="",FALSE(),AND(LEFT(Q17,1)="P",ISNUMBER(VALUE(MID(Q17,2,LEN(Q17)-1)))))) -> TRUE | S17: =IF(O17="—",FALSE(),SUMPRODUCT(--(TEXT([1]Serviços!$B$4:$B$400,"0")=TEXT(K17,"0")),--([1]Serviços!$A$4:$A$400=$B$3))>0) -> FALSE | T17: =IF(O17="—",TRUE(),AND(R17,NOT(S17))) -> TRUE | U17: =IF(O17="—",0,IF(T17,1,2)) -> 0 | V17: =ROW() -> 17 | W17: =COUNTIFS($U$8:$U$83,"<"&U17)+COUNTIFS($U$8:$U$83,U17,$Y$8:$Y$83,">"&Y17)+COUNTIFS($U$8:$U$83,U17,$Y$8:$Y$83,Y17,$L$8:$L$83,"<"&L17)+COUNTIFS($U$8:$U$83,U17,$Y$8:$Y$83,Y17,$L$8:$L$83,L17,$V$8:$V$83,"<"&V17)+1 -> 3 | X17: =IF(O17="—","Não pertence a companhia operacional — disponível por defeito",IF(Q17="","Sem dados de escala para esta data",IF(S17,"Já tem serviço UAS/C-UAS marcado neste dia",IF(T17,"Escala do pelotão: "&Q17&" (disponível)","Escala do pelotão: "&Q17&" (indisponível)")))) -> Não pertence a companhia operacional — disponível por defeito | Y17: =IF(O17="—",0,IFERROR(VALUE(MID(Q17,2,1)),0)) -> 0
A18: =INDEX($K$8:$K$4133,MATCH(ROW()-7,$W$8:$W$4133,0)) -> 2090487 | B18: =INDEX($L$8:$L$4133,MATCH(ROW()-7,$W$8:$W$4133,0)) -> Wilson da Silva Sousa | C18: =INDEX($M$8:$M$4133,MATCH(ROW()-7,$W$8:$W$4133,0)) -> Cabo | D18: =INDEX($N$8:$N$4133,MATCH(ROW()-7,$W$8:$W$4133,0)) -> SOI | E18: =INDEX($O$8:$O$4133,MATCH(ROW()-7,$W$8:$W$4133,0)) -> — | F18: =INDEX($Q$8:$Q$4133,MATCH(ROW()-7,$W$8:$W$4133,0)) | G18: =IF(INDEX($T$8:$T$4133,MATCH(ROW()-7,$W$8:$W$4133,0)),"SIM","NÃO") -> SIM | H18: =INDEX($X$8:$X$4133,MATCH(ROW()-7,$W$8:$W$4133,0)) -> Não pertence a companhia operacional — disponível por defeito | K18: ='[1]Capacidade UAS-CUAS'!E14 -> 2070317 | L18: ='[1]Capacidade UAS-CUAS'!F14 -> José Carlos Soares Gomes | M18: ='[1]Capacidade UAS-CUAS'!D14 -> Cabo | N18: ='[1]Capacidade UAS-CUAS'!B14 -> SOI | O18: ='[1]Capacidade UAS-CUAS'!C14 -> — | P18: =IF(O18="—","",LEFT(O18,FIND(".",O18)-1)&"º") | Q18: =IF(P18="","",IFERROR(INDEX(EscalaPelotoes!$B$3:$N$4481,MATCH($B$3,EscalaPelotoes!$A$3:$A$4481,0),MATCH(P18,EscalaPelotoes!$B$2:$N$2,0)),"")) | R18: =IF(O18="—",TRUE(),IF(Q18="",FALSE(),AND(LEFT(Q18,1)="P",ISNUMBER(VALUE(MID(Q18,2,LEN(Q18)-1)))))) -> TRUE | S18: =IF(O18="—",FALSE(),SUMPRODUCT(--(TEXT([1]Serviços!$B$4:$B$400,"0")=TEXT(K18,"0")),--([1]Serviços!$A$4:$A$400=$B$3))>0) -> FALSE | T18: =IF(O18="—",TRUE(),AND(R18,NOT(S18))) -> TRUE | U18: =IF(O18="—",0,IF(T18,1,2)) -> 0 | V18: =ROW() -> 18 | W18: =COUNTIFS($U$8:$U$83,"<"&U18)+COUNTIFS($U$8:$U$83,U18,$Y$8:$Y$83,">"&Y18)+COUNTIFS($U$8:$U$83,U18,$Y$8:$Y$83,Y18,$L$8:$L$83,"<"&L18)+COUNTIFS($U$8:$U$83,U18,$Y$8:$Y$83,Y18,$L$8:$L$83,L18,$V$8:$V$83,"<"&V18)+1 -> 6 | X18: =IF(O18="—","Não pertence a companhia operacional — disponível por defeito",IF(Q18="","Sem dados de escala para esta data",IF(S18,"Já tem serviço UAS/C-UAS marcado neste dia",IF(T18,"Escala do pelotão: "&Q18&" (disponível)","Escala do pelotão: "&Q18&" (indisponível)")))) -> Não pertence a companhia operacional — disponível por defeito | Y18: =IF(O18="—",0,IFERROR(VALUE(MID(Q18,2,1)),0)) -> 0
A19: =INDEX($K$8:$K$4133,MATCH(ROW()-7,$W$8:$W$4133,0)) -> 2120740 | B19: =INDEX($L$8:$L$4133,MATCH(ROW()-7,$W$8:$W$4133,0)) -> Bernardo Samuel Fernandes Lameira | C19: =INDEX($M$8:$M$4133,MATCH(ROW()-7,$W$8:$W$4133,0)) -> Grd Pr | D19: =INDEX($N$8:$N$4133,MATCH(ROW()-7,$W$8:$W$4133,0)) -> 4.ª Companhia | E19: =INDEX($O$8:$O$4133,MATCH(ROW()-7,$W$8:$W$4133,0)) -> 10.º Pelotão | F19: =INDEX($Q$8:$Q$4133,MATCH(ROW()-7,$W$8:$W$4133,0)) -> P3 | G19: =IF(INDEX($T$8:$T$4133,MATCH(ROW()-7,$W$8:$W$4133,0)),"SIM","NÃO") -> SIM | H19: =INDEX($X$8:$X$4133,MATCH(ROW()-7,$W$8:$W$4133,0)) -> Escala do pelotão: P3 (disponível) | K19: ='[1]Capacidade UAS-CUAS'!E15 -> 2000474 | L19: ='[1]Capacidade UAS-CUAS'!F15 -> Jorge Manuel Graça Rodrigues | M19: ='[1]Capacidade UAS-CUAS'!D15 -> Sarg. Aj | N19: ='[1]Capacidade UAS-CUAS'!B15 -> 1.ª Companhia | O19: ='[1]Capacidade UAS-CUAS'!C15 -> 1.º Pelotão | P19: =IF(O19="—","",LEFT(O19,FIND(".",O19)-1)&"º") -> 1º | Q19: =IF(P19="","",IFERROR(INDEX(EscalaPelotoes!$B$3:$N$4481,MATCH($B$3,EscalaPelotoes!$A$3:$A$4481,0),MATCH(P19,EscalaPelotoes!$B$2:$N$2,0)),"")) -> P6 - DCOMP | R19: =IF(O19="—",TRUE(),IF(Q19="",FALSE(),AND(LEFT(Q19,1)="P",ISNUMBER(VALUE(MID(Q19,2,LEN(Q19)-1)))))) -> FALSE | S19: =IF(O19="—",FALSE(),SUMPRODUCT(--(TEXT([1]Serviços!$B$4:$B$400,"0")=TEXT(K19,"0")),--([1]Serviços!$A$4:$A$400=$B$3))>0) -> FALSE | T19: =IF(O19="—",TRUE(),AND(R19,NOT(S19))) -> FALSE | U19: =IF(O19="—",0,IF(T19,1,2)) -> 2 | V19: =ROW() -> 19 | W19: =COUNTIFS($U$8:$U$83,"<"&U19)+COUNTIFS($U$8:$U$83,U19,$Y$8:$Y$83,">"&Y19)+COUNTIFS($U$8:$U$83,U19,$Y$8:$Y$83,Y19,$L$8:$L$83,"<"&L19)+COUNTIFS($U$8:$U$83,U19,$Y$8:$Y$83,Y19,$L$8:$L$83,L19,$V$8:$V$83,"<"&V19)+1 -> 21 | X19: =IF(O19="—","Não pertence a companhia operacional — disponível por defeito",IF(Q19="","Sem dados de escala para esta data",IF(S19,"Já tem serviço UAS/C-UAS marcado neste dia",IF(T19,"Escala do pelotão: "&Q19&" (disponível)","Escala do pelotão: "&Q19&" (indisponível)")))) -> Escala do pelotão: P6 - DCOMP (indisponível) | Y19: =IF(O19="—",0,IFERROR(VALUE(MID(Q19,2,1)),0)) -> 6
... A83: =INDEX($K$8:$K$4133,MATCH(ROW()-7,$W$8:$W$4133,0)) -> 2120476 | B83: =INDEX($L$8:$L$4133,MATCH(ROW()-7,$W$8:$W$4133,0)) -> Tiago Realinho da Costa | C83: =INDEX($M$8:$M$4133,MATCH(ROW()-7,$W$8:$W$4133,0)) -> Grd Pr | D83: =INDEX($N$8:$N$4133,MATCH(ROW()-7,$W$8:$W$4133,0)) -> 2.ª Companhia | E83: =INDEX($O$8:$O$4133,MATCH(ROW()-7,$W$8:$W$4133,0)) -> 5.º Pelotão | F83: =INDEX($Q$8:$Q$4133,MATCH(ROW()-7,$W$8:$W$4133,0)) -> PV | G83: =IF(INDEX($T$8:$T$4133,MATCH(ROW()-7,$W$8:$W$4133,0)),"SIM","NÃO") -> NÃO | H83: =INDEX($X$8:$X$4133,MATCH(ROW()-7,$W$8:$W$4133,0)) -> Escala do pelotão: PV (indisponível) | K83: ='[1]Capacidade UAS-CUAS'!E79 -> 2010480 | L83: ='[1]Capacidade UAS-CUAS'!F79 -> Pedro Miguel Sousa Lopes | M83: ='[1]Capacidade UAS-CUAS'!D79 -> Cabo | N83: ='[1]Capacidade UAS-CUAS'!B79 -> 4.ª Companhia | O83: ='[1]Capacidade UAS-CUAS'!C79 -> 12.º Pelotão | P83: =IF(O83="—","",LEFT(O83,FIND(".",O83)-1)&"º") -> 12º | Q83: =IF(P83="","",IFERROR(INDEX(EscalaPelotoes!$B$3:$N$4481,MATCH($B$3,EscalaPelotoes!$A$3:$A$4481,0),MATCH(P83,EscalaPelotoes!$B$2:$N$2,0)),"")) -> P1 | R83: =IF(O83="—",TRUE(),IF(Q83="",FALSE(),AND(LEFT(Q83,1)="P",ISNUMBER(VALUE(MID(Q83,2,LEN(Q83)-1)))))) -> TRUE | S83: =IF(O83="—",FALSE(),SUMPRODUCT(--(TEXT([1]Serviços!$B$4:$B$400,"0")=TEXT(K83,"0")),--([1]Serviços!$A$4:$A$400=$B$3))>0) -> FALSE | T83: =IF(O83="—",TRUE(),AND(R83,NOT(S83))) -> TRUE | U83: =IF(O83="—",0,IF(T83,1,2)) -> 1 | V83: =ROW() -> 83 | W83: =COUNTIFS($U$8:$U$83,"<"&U83)+COUNTIFS($U$8:$U$83,U83,$Y$8:$Y$83,">"&Y83)+COUNTIFS($U$8:$U$83,U83,$Y$8:$Y$83,Y83,$L$8:$L$83,"<"&L83)+COUNTIFS($U$8:$U$83,U83,$Y$8:$Y$83,Y83,$L$8:$L$83,L83,$V$8:$V$83,"<"&V83)+1 -> 19 | X83: =IF(O83="—","Não pertence a companhia operacional — disponível por defeito",IF(Q83="","Sem dados de escala para esta data",IF(S83,"Já tem serviço UAS/C-UAS marcado neste dia",IF(T83,"Escala do pelotão: "&Q83&" (disponível)","Escala do pelotão: "&Q83&" (indisponível)")))) -> Escala do pelotão: P1 (disponível) | Y83: =IF(O83="—",0,IFERROR(VALUE(MID(Q83,2,1)),0)) -> 1

Sheet EscalaPelotoes
A1: ESCALA BASE DOS PELOTÕES — copiado de Consulta_Escala.xlsx (Folha2) em 2026-08-27
A2: SEMANA | B2: 1º | C2: 2º | D2: 3º | E2: 4º | F2: 5º | G2: 6º | H2: 7º | I2: 8º | J2: 9º | K2: Pr | L2: 10º | M2: 11º | N2: 12º
A3: 42278 | C3: P1 | D3: P7 | E3: P2 | F3: P7 | G3: P3 | H3: CAR | I3: P6 | J3: PV | N3: 0
A4: 42279 | B4: PV | C4: CAR | D4: Folga | E4: P1 | F4: P7 | G4: P3 | H4: CAR | I4: P4 | J4: P2 | N4: Folga
A5: 42280 | B5: P1 | C5: CAR | D5: Folga | E5: PV | F5: P7 | G5: P3 | H5: P5 | I5: P4 | J5: P2 | N5: Folga
A6: 42281 | B6: PV | C6: CAR | D6: Folga | E6: P1 | F6: P7 | G6: P3 | H6: P5 | I6: P4 | J6: P2 | N6: Folga
A7: 42282 | B7: P3 | C7: CAR | D7: Folga | E7: P2 | F7: P7 | G7: PV | H7: P5 | I7: P4 | J7: P1 | N7: Folga
A8: 42283 | B8: P3 | C8: CAR | D8: Folga | E8: P2 | F8: P7 | G8: P4 | H8: PV | I8: P1 | J8: P5 | N8: Folga
A9: 42284 | B9: P3 | C9: CAR | D9: P6 | E9: P1 | F9: P7 | G9: P2 | H9: P4 | I9: PV | J9: P5 | N9: P8
A10: 42285 | B10: P3 | C10: CAR | D10: P6 | E10: PV | F10: P7 | G10: P1 | H10: P6 | I10: P2 | J10: P7 | N10: P8
A11: 42286 | B11: P3 | C11: CAR | D11: P4 | E11: P2 | F11: Folga | G11: CAR | H11: Folga | I11: P1 | J11: P7 | N11: PV
A12: 42287 | B12: P3 | C12: P5 | D12: P4 | E12: P2 | F12: Folga | G12: CAR | H12: Folga | I12: PV | J12: P7 | N12: P1
A13: 42288 | B13: P3 | C13: P5 | D13: P4 | E13: P2 | F13: Folga | G13: CAR | H13: Folga | I13: P1 | J13: P7 | N13: PV
A14: 42289 | B14: PV | C14: P5 | D14: P4 | E14: P2 | F14: Folga | G14: CAR | H14: Folga | I14: P2 | J14: P7 | N14: P3
A15: 42290 | B15: P4 | C15: PV | D15: P1 | E15: P1 | F15: Folga | G15: CAR | H15: Folga | I15: P2 | J15: P7 | N15: P3
... A830: 43105 | B830: P6 | C830: PV | D830: CAR | E830: P6 | F830: P1 | G830: Folga | H830: P3 | I830: CAR | J830: P4 | N830: P2/Folga
A831: 43106 | B831: P6 | C831: Folga | D831: CAR | E831: P1 | F831: PV | G831: Folga | H831: P3 | I831: P5 | J831: P4
A832: 43107 | B832: P6 | C832: PV | D832: CAR | E832: P1 | F832: P2/Folga | G832: Folga | H832: P3 | I832: P5 | J832: P4
A833: 43108 | B833: P6 | C833: P2/Folga | D833: CAR | E833: PV | F833: P1 | G833: Folga | H833: P3 | I833: P5 | J833: P4
A834: 43109 | B834: P6 | C834: P1 | D834: CAR | E834: P2/Folga | F834: PV | G834: Folga | H834: P3 | I834: P5 | J834: P4
A835: 43110 | B835: P6 | C835: P1 | D835: CAR | E835: PV | F835: P2/Folga | G835: Folga | H835: P3 | I835: P5 | J835: P4
A836: 43111 | B836: P6 | C836: PV | D836: CAR | E836: P2/Folga | F836: P1 | G836: Folga | H836: P3 | I836: P5/Fut | J836: P4/Fut
A837: 43112 | B837: P1 | C837: P2/Folga | D837: CAR | E837: P4 | F837: P5 | G837: PV | H837: CAR | I837: Folga | J837: P6
A838: 43113 | B838: PV | C838: P3 | D838: P1 | E838: P4 | F838: P5 | G838: P2/Folga | H838: CAR | I838: Folga | J838: P6
A839: 43114 | B839: P2/Folga | C839: P3 | D839: P1 | E839: P4 | F839: P5 | G839: PV | H839: CAR | I839: Folga | J839: P6
A840: 43115 | B840: P1 | C840: P3 | D840: PV | E840: P4 | F840: P5 | G840: P2/Folga | H840: CAR | I840: Folga | J840: P6
A841: 43116 | B841: PV | C841: P1 | D841: P2/Folga | E841: P4 | F841: P5 | G841: P3 | H841: CAR | I841: Folga | J841: P6
A842: 43117 | B842: P2/Folga | C842: P1 | D842: PV | E842: P4 | F842: P5 | G842: P3 | H842: CAR | I842: Folga | J842: P6
... A1668: 43943 | B1668: P4 | C1668: Folga | D1668: P3 | E1668: P5 | F1668: P6 | G1668: CAR | H1668: PV | I1668: P1 | J1668: P2/Folga
A1669: 43944 | B1669: P4 | C1669: Folga | D1669: P3 | E1669: P5 | F1669: P6 | G1669: CAR | H1669: P2/Folga | I1669: PV | J1669: P1 | N1669: 0
A1670: 43945 | B1670: P6 | C1670: CAR | D1670: P3 | E1670: P1 | F1670: PV | G1670: CAR | H1670: P3 | I1670: P2/Folga | J1670: P4 | N1670: 0
A1671: 43946 | B1671: P6 | C1671: CAR | D1671: P5 | E1671: PV | F1671: P2/Folga | G1671: P1 | H1671: P3 | I1671: Folga | J1671: P4 | N1671: 0
A1672: 43947 | B1672: P6 | C1672: CAR | D1672: P5 | E1672: P2/Folga | F1672: PV | G1672: P1 | H1672: P3 | I1672: Folga | J1672: P4 | N1672: 0
A1673: 43948 | B1673: P6 | C1673: CAR | D1673: P5 | E1673: P1 | F1673: P2/Folga | G1673: PV | H1673: P3 | I1673: Folga | J1673: P4 | N1673: 0
A1674: 43949 | B1674: P6 | C1674: CAR | D1674: P5 | E1674: PV | F1674: P1 | G1674: P2/Folga | H1674: P3 | I1674: Folga | J1674: P4 | N1674: 0
A1675: 43950 | B1675: P6 | C1675: CAR | D1675: P5 | E1675: P2/Folga | F1675: P1 | G1675: PV | H1675: P3 | I1675: Folga | J1675: P4 | N1675: 0
A1676: 43951 | B1676: P6 | C1676: CAR | D1676: P5 | E1676: P1 | F1676: PV | G1676: P2/Folga | H1676: P3 | I1676: Folga | J1676: P4 | N1676: 0
A1677: 43952 | B1677: PV | C1677: CAR | D1677: P1 | E1677: P4 | F1677: P2/Folga | G1677: P3 | H1677: P3 | I1677: CAR | J1677: P6 | N1677: 0
A1678: 43953 | B1678: P2/Folga | C1678: P1 | D1678: PV | E1678: P4 | F1678: Folga | G1678: P3 | H1678: P5 | I1678: CAR | J1678: P6 | N1678: 0
A1679: 43954 | B1679: PV | C1679: P1 | D1679: P2/Folga | E1679: P4 | F1679: Folga | G1679: P3 | H1679: P5 | I1679: CAR | J1679: P6 | N1679: 0
A1680: 43955 | B1680: P2/Folga | C1680: PV | D1680: P1 | E1680: P4 | F1680: Folga | G1680: P3 | H1680: P5 | I1680: CAR | J1680: P6 | N1680: 0
... A1927: 44202 | B1927: P6 | C1927: CAR | D1927: P5 | E1927: P2/Folga | F1927: P1 | G1927: PV | H1927: P3 | I1927: Folga | J1927: P4 | N1927: 0
A1928: 44203 | B1928: P6 | C1928: CAR | D1928: P5 | F1928: PV | G1928: P2/Folga | H1928: P3 | I1928: Folga | J1928: P4 | N1928: 0
A1929: 44204 | B1929: PV | C1929: CAR | D1929: P1 | E1929: P4 | F1929: P2/Folga | G1929: P3 | H1929: P3 | I1929: CAR | J1929: P6 | N1929: 0
A1930: 44205 | B1930: P2/Folga | C1930: P1 | D1930: PV | E1930: P4 | F1930: Folga | G1930: P3 | H1930: P5 | I1930: CAR | J1930: P6 | N1930: 0
A1931: 44206 | B1931: PV | C1931: P1 | D1931: P2/Folga | E1931: P4 | F1931: Folga | G1931: P3 | H1931: P5 | I1931: CAR | J1931: P6 | N1931: 0
A1932: 44207 | B1932: P2/Folga | C1932: PV | D1932: P1 | E1932: P4 | F1932: Folga | G1932: P3 | H1932: P5 | I1932: CAR | J1932: P6 | N1932: 0
A1933: 44208 | B1933: P1 | C1933: P2/Folga | D1933: PV | E1933: P4 | F1933: Folga | G1933: P3 | H1933: P5 | I1933: CAR | J1933: P6 | N1933: 0
A1934: 44209 | B1934: P1 | C1934: PV | D1934: P2/Folga | E1934: P4 | F1934: Folga | G1934: P3 | H1934: P5 | I1934: CAR | J1934: P6 | N1934: 0
A1935: 44210 | B1935: PV | C1935: P2/Folga | D1935: P1 | E1935: P4 | F1935: Folga | G1935: P3 | H1935: P5 | I1935: CAR | J1935: P6 | N1935: 0
A1936: 44211 | B1936: P2/Folga | C1936: P3 | D1936: P4 | E1936: P6 | F1936: P3 | G1936: CAR | H1936: P1 | I1936: CAR | J1936: PV | N1936: 0
A1937: 44212 | B1937: Folga | C1937: P3 | D1937: P4 | E1937: P6 | F1937: P5 | G1937: CAR | H1937: PV | I1937: P1 | J1937: P2/Folga | N1937: 0
A1938: 44213 | B1938: Folga | C1938: P3 | D1938: P4 | E1938: P6 | F1938: P5 | G1938: CAR | H1938: P2/Folga | I1938: P1 | J1938: PV | N1938: 0
A1939: 44214 | B1939: Folga | C1939: P3 | D1939: P4 | E1939: P6 | F1939: P5 | G1939: CAR | H1939: P1 | I1939: PV | J1939: P2/Folga | N1939: 0
A1940: 44215 | B1940: Folga | C1940: P3 | D1940: P4 | E1940: P6 | F1940: P5 | G1940: CAR | H1940: PV | I1940: P2/Folga | J1940: P1 | N1940: 0
... A1949: 44224 | B1949: CAR | C1949: P5 | D1949: P6 | E1949: P2/Folga | F1949: PV | G1949: P1 | H1949: P4 | I1949: P3 | J1949: Folga | N1949: 0
A1950: 44225 | B1950: CAR | C1950: P1 | D1950: PV | F1950: P2/Folga | G1950: P4 | H1950: P6 | I1950: P3 | J1950: CAR | N1950: 0
A1951: 44226 | B1951: P1 | C1951: PV | D1951: P2/Folga | E1951: Folga | F1951: P3 | G1951: P4 | H1951: P6 | I1951: P5 | J1951: CAR | N1951: 0
A1952: 44227 | B1952: P1 | C1952: P2/Folga | D1952: PV | E1952: Folga | F1952: P3 | G1952: P4 | H1952: P6 | I1952: P5 | J1952: CAR | N1952: 0
A1953: 44228 | B1953: PV | C1953: P1 | D1953: P2/Folga | E1953: Folga | F1953: P3 | G1953: P4 | H1953: P6 | I1953: P5 | J1953: CAR | N1953: 0
A1954: 44229 | B1954: P2/Folga | C1954: PV | D1954: P1 | E1954: Folga | F1954: P3 | G1954: P4 | H1954: P6 | I1954: P5 | J1954: CAR | N1954: 0
A1955: 44230 | B1955: PV | C1955: P2/Folga | D1955: P1 | E1955: Folga | F1955: P3 | G1955: P4 | H1955: P6 | I1955: P5 | J1955: CAR | N1955: 0
A1956: 44231 | B1956: P2/Folga | C1956: P1 | D1956: PV | E1956: Folga | F1956: P3 | G1956: P4 | H1956: P6 | I1956: P5 | J1956: CAR | N1956: 0
A1957: 44232 | B1957: P3 | C1957: P4 | D1957: P2/Folga | E1957: CAR | F1957: P3 | G1957: P6 | H1957: PV | I1957: P1 | J1957: CAR | N1957: 0
A1958: 44233 | B1958: P3 | C1958: P4 | D1958: Folga | E1958: CAR | F1958: P5 | G1958: P6 | H1958: P2/Folga | I1958: PV | J1958: P1 | N1958: 0
A1959: 44234 | B1959: P3 | C1959: P4 | D1959: Folga | E1959: CAR | F1959: P5 | G1959: P6 | H1959: PV | I1959: P2/Folga | J1959: P1 | N1959: 0
A1960: 44235 | B1960: P3 | C1960: P4 | D1960: Folga | E1960: CAR | F1960: P5 | G1960: P6 | H1960: P2/Folga | I1960: P1 | J1960: PV | N1960: 0
A1961: 44236 | B1961: P3 | C1961: P4 | D1961: Folga | E1961: CAR | F1961: P5 | G1961: P6 | H1961: P1 | I1961: PV | J1961: P2/Folga | N1961: 0
A1962: 44237 | B1962: P3 | C1962: P4 | D1962: Folga | E1962: CAR | F1962: P5 | G1962: P6 | H1962: P1 | I1962: P2/Folga | J1962: PV | N1962: 0
... A2285: 44560 | B2285: P3 | C2285: P1 | D2285: PV | E2285: CAR | F2285: P4 | G2285: P2/Folga | H2285: CAR | I2285: P5 | J2285: P3 | N2285: 0
A2286: 44561 | B2286: P1 | C2286: PV | D2286: P2/Folga | E2286: P3 | F2286: P4 | G2286: Folga | H2286: CAR | I2286: P5 | J2286: P6/Alb | L2286: Alb | M2286: P1 | N2286: 0
A2287: 44562 | B2287: PV | C2287: P2/Folga | D2287: P1 | E2287: P3 | F2287: P4 | G2287: Folga | H2287: CAR | I2287: P5 | J2287: P6/Alb | L2287: Alb | M2287: P1 | N2287: 0
A2288: 44563 | B2288: P2/Folga | C2288: PV | D2288: P1 | E2288: P3 | F2288: P4 | G2288: Folga | H2288: CAR | I2288: P5 | J2288: P6/Alb | L2288: Alb | M2288: P1 | N2288: 0
A2289: 44564 | B2289: P1 | C2289: P2/Folga | D2289: PV | E2289: P3 | F2289: P4 | G2289: Folga | H2289: CAR | I2289: P5 | J2289: P6 | L2289: P2 | M2289: P1 | N2289: 0
A2290: 44565 | B2290: PV | C2290: P1 | D2290: P2/Folga | E2290: P3 | F2290: P4 | G2290: Folga | H2290: CAR | I2290: P6 | J2290: P5 | L2290: P2 | M2290: P1 | N2290: 0
A2291: 44566 | B2291: P2/Folga | C2291: P1 | D2291: PV | E2291: P3 | F2291: P4 | G2291: Folga | H2291: CAR | I2291: P6 | J2291: P5 | L2291: P2 | M2291: P1 | N2291: 0
A2292: 44567 | B2292: P1 | C2292: PV | D2292: P2/Folga | E2292: P3 | F2292: P4 | G2292: Folga | H2292: CAR | I2292: P6 | J2292: P5 | L2292: P1 | M2292: P2 | N2292: 0
A2293: 44568 | B2293: P4 | C2293: P2/Folga | D2293: P3 | E2293: P3 | F2293: P6 | G2293: CAR | H2293: CAR | I2293: PV | J2293: P1 | L2293: P1 | M2293: P2 | N2293: 0
A2294: 44569 | B2294: P4 | C2294: Folga | D2294: P3 | E2294: P5 | F2294: P6 | G2294: CAR | H2294: P1 | I2294: P2/Folga | J2294: PV | L2294: P1 | M2294: P2 | N2294: 0
A2295: 44570 | B2295: P4 | C2295: Folga | D2295: P3 | E2295: P5 | F2295: P6 | G2295: CAR | H2295: P1 | I2295: PV | J2295: P2/Folga | L2295: P1 | M2295: P2 | N2295: 0
A2296: 44571 | B2296: P4 | C2296: Folga | D2296: P3 | E2296: P5 | F2296: P6 | G2296: CAR | H2296: PV | I2296: P2/Folga | J2296: P1 | L2296: P1 | M2296: P2 | N2296: 0
A2297: 44572 | B2297: P4 | C2297: Folga | D2297: P3 | E2297: P5 | F2297: P6 | G2297: CAR | H2297: P2/Folga | I2297: P1 | J2297: PV | L2297: P1 | M2297: P2 | N2297: 0
... A2614: 44889 | B2614: P4 | C2614: Folga | D2614: P3 | E2614: P5 | F2614: P6 | G2614: CAR | H2614: P2/Folga | I2614: PV | J2614: P1 | L2614: P2 | M2614: P1 | N2614: 0
A2615: 44890 | B2615: P6 | C2615: CAR | D2615: P3 | E2615: P1 | F2615: PV | G2615: CAR | H2615: P3 | I2615: P2/Folga | J2615: P4 | L2615: P2 | M2615: P1
A2616: 44891 | B2616: P6 | C2616: CAR | D2616: P5 | E2616: PV | F2616: P2/Folga | G2616: P1 | H2616: P3 | I2616: Folga | J2616: P4 | L2616: P2 | M2616: P1
A2617: 44892 | B2617: P6 | C2617: CAR | D2617: P5 | E2617: P2/Folga | F2617: PV | G2617: P1 | H2617: P3 | I2617: Folga | J2617: P4 | L2617: P2 | M2617: P1
A2618: 44893 | B2618: P6 | C2618: CAR | D2618: P5 | E2618: P1 | F2618: P2/Folga | G2618: PV | H2618: P3 | I2618: Folga | J2618: P4 | L2618: P1 | M2618: P2
A2619: 44894 | B2619: P6 | C2619: CAR | D2619: P5 | E2619: PV | F2619: P1 | G2619: P2/Folga | H2619: P3 | I2619: Folga | J2619: P4 | L2619: P1 | M2619: P2
A2620: 44895 | B2620: P6 | C2620: CAR | D2620: P5 | E2620: P2/Folga | F2620: P1 | G2620: PV | H2620: P3 | I2620: Folga | J2620: P4 | L2620: P1 | M2620: P2
A2621: 44896 | B2621: P6 | C2621: CAR | D2621: P5 | E2621: P1 | F2621: PV | G2621: P2/Folga | H2621: P3 | I2621: Folga | J2621: P4 | L2621: P1 | M2621: P2
A2622: 44897 | B2622: PV | C2622: CAR | D2622: P1 | E2622: P4 | F2622: P2/Folga | G2622: P3 | H2622: P3 | I2622: CAR | J2622: P6 | L2622: P2 | M2622: P1
A2623: 44898 | B2623: P2/Folga | C2623: P1 | D2623: PV | E2623: P4 | F2623: Folga | G2623: P3 | H2623: P5 | I2623: CAR | J2623: P6 | L2623: P2 | M2623: P1
A2624: 44899 | B2624: PV | C2624: P1 | D2624: P2/Folga | E2624: P4 | F2624: Folga | G2624: P3 | H2624: P5 | I2624: CAR | J2624: P6 | L2624: P2 | M2624: P1
A2625: 44900 | B2625: P2/Folga | C2625: PV | D2625: P1 | E2625: P4 | F2625: Folga | G2625: P3 | H2625: P5 | I2625: CAR | J2625: P6 | L2625: P2 | M2625: P1
A2626: 44901 | B2626: P1 | C2626: P2/Folga | D2626: PV | E2626: P4 | F2626: Folga | G2626: P3 | H2626: P5 | I2626: CAR | J2626: P6 | L2626: P2 | M2626: P1
... A3520: 45795 | B3520: CAR | C3520: P5 | D3520: P6 | E3520: PV | F3520: P1 | G3520: P2/Folga | H3520: P4 | I3520: P3 | J3520: Folga | L3520: P2 | M3520: P1
A3521: 45796 | B3521: CAR | C3521: P5 | D3521: P6 | E3521: P2/Folga | F3521: PV | G3521: P1 | H3521: P4 | I3521: P3 | J3521: Folga | L3521: P2 | M3521: P1 | N3521: P3
A3522: 45797 | B3522: CAR | C3522: P5 | D3522: P6 | E3522: P1 | F3522: P2/Folga | G3522: PV | H3522: P4 | I3522: P3 | J3522: Folga | L3522: P2 | M3522: P1 | N3522: P3
A3523: 45798 | B3523: CAR | C3523: P5 | D3523: P6 | E3523: P1 | F3523: PV | G3523: P2/Folga | H3523: P4 | I3523: P3 | J3523: Folga | L3523: P2 | M3523: P1 | N3523: P3
A3524: 45799 | B3524: CAR | C3524: P5 | D3524: P6 | E3524: PV | F3524: P2/Folga | G3524: P1 | H3524: P4 | I3524: P3 | J3524: Folga | L3524: P2 | M3524: P1 | N3524: P3
...
